Date,Open,High,Low,Close,Volume,Dividends,Stock Splits,Ticker,RSI_14,SMA_20,Price_SMA_Ratio,MACD_Line,MACD_Signal,MACD_Hist,Volatility_20,Sentiment_Avg,Positive_Ratio,Negative_Ratio,Article_Count,earnings_flag,product_launch_flag,ceo_change_flag,merger_flag,dividend_flag,Next_Close,Price_Change_Pct,Label
2026-02-09 00:00:00-05:00,277.6541982366954,277.9439398399519,271.4499228389202,274.3672,44623400,0.26,0.0,AAPL,50.0,265.4055,1.0338,0.0,0.0,0.0,0.0,0.0,0.0,0.0,0,0,0,0,0,0,273.4280700683594,-0.3423,0
2026-02-10 00:00:00-05:00,274.6369782150198,275.11651686144285,272.68876099546605,273.4281,34376900,0.0,0.0,AAPL,50.0,265.4055,1.0302,-0.0749,-0.015,-0.0599,0.0,0.0,0.0,0.0,0,0,0,0,0,0,275.24639892578125,0.665,1
2026-02-11 00:00:00-05:00,274.44714753122867,279.92208361183503,274.1973776592452,275.2464,51931300,0.0,0.0,AAPL,50.0,265.4055,1.0371,0.0123,-0.0095,0.0218,0.0,0.0,0.0,0.0,0,0,0,0,0,0,261.4891052246094,-4.9982,0
2026-02-12 00:00:00-05:00,275.3363333447182,275.46621856633783,259.94051360693726,261.4891,81077200,0.0,0.0,AAPL,50.0,265.4055,0.9852,-1.017,-0.211,-0.806,0.0,0.0,0.0,0.0,0,0,0,0,0,0,255.5445556640625,-2.2733,0
2026-02-13 00:00:00-05:00,261.7688319830923,261.9886306947134,255.21485759663088,255.5446,56290700,0.0,0.0,AAPL,50.0,265.4055,0.9628,-2.286,-0.626,-1.66,0.0,0.0,0.0,0.0,0,0,0,0,0,0,263.6371154785156,3.1668,1
2026-02-17 00:00:00-05:00,257.8124646511843,266.0449008431299,255.30478047881587,263.6371,58469100,0.0,0.0,AAPL,50.0,265.4055,0.9933,-2.6086,-1.0225,-1.5861,0.0,0.0,0.0,0.0,0,0,0,0,0,0,264.106689453125,0.1781,1
2026-02-18 00:00:00-05:00,263.35737977838915,266.57441720150126,262.20844437502524,264.1067,34203300,0.0,0.0,AAPL,50.0,265.4055,0.9951,-2.7942,-1.3769,-1.4173,0.0,0.0,0.0,0.0,0,0,0,0,0,0,260.3401184082031,-1.4262,0
2026-02-19 00:00:00-05:00,262.35827847824623,264.2365527856389,259.81060750150084,260.3401,30845300,0.0,0.0,AAPL,50.0,265.4055,0.9809,-3.2082,-1.7431,-1.4651,0.0,0.0,0.0,0.0,0,0,0,0,0,0,264.3364562988281,1.535,1
2026-02-20 00:00:00-05:00,258.73163460792017,264.5063132392292,257.9223826043077,264.3365,42070500,0.0,0.0,AAPL,50.0,265.4055,0.996,-3.1773,-2.03,-1.1473,0.0,0.0,0.0,0.0,0,0,0,0,0,0,265.9349670410156,0.6047,1
2026-02-23 00:00:00-05:00,263.24744081710827,269.1819753311392,263.13755670993424,265.935,37308200,0.0,0.0,AAPL,50.0,265.4055,1.002,-2.9893,-2.2218,-0.7674,0.0,0.0,0.0,0.0,0,0,0,0,0,0,271.8895263671875,2.2391,1
2026-02-24 00:00:00-05:00,267.61343657617186,274.6369951599546,267.46358073991865,271.8895,47014600,0.0,0.0,AAPL,50.0,265.4055,1.0244,-2.3329,-2.2441,-0.0889,0.0,0.0,0.0,0.0,0,0,0,0,0,0,273.97760009765625,0.768,1
2026-02-25 00:00:00-05:00,271.5298429675081,274.6869380517792,270.8005039088116,273.9776,33714300,0.0,0.0,AAPL,50.0,265.4055,1.0323,-1.6255,-2.1203,0.4948,0.0,0.0,0.0,0.0,0,0,0,0,0,0,272.6987609863281,-0.4668,0
2026-02-26 00:00:00-05:00,274.6969199809464,275.8558253670768,270.55071567552415,272.6988,32345100,0.0,0.0,AAPL,50.0,265.4055,1.0275,-1.1548,-1.9272,0.7725,0.0,0.0,0.0,0.0,0,0,0,0,0,0,263.93682861328125,-3.213,0
2026-02-27 00:00:00-05:00,272.5588900215503,272.5588900215503,262.6480379442022,263.9368,72366500,0.0,0.0,AAPL,41.08,265.4055,0.9945,-1.4718,-1.8361,0.3644,0.0,0.0,0.0,0.0,0,0,0,0,0,0,264.476318359375,0.2044,1
2026-03-02 00:00:00-05:00,262.16844722421786,266.2846497598317,259.960490133898,264.4763,41827900,0.0,0.0,AAPL,41.6187,265.4055,0.9965,-1.6603,-1.801,0.1407,0.0,0.0,0.0,0.0,0,0,0,0,0,0,263.5072326660156,-0.3664,0
2026-03-03 00:00:00-05:00,263.23749216234586,265.31556422164516,259.8905695547566,263.5072,38568900,0.0,0.0,AAPL,41.5976,265.4055,0.9928,-1.8664,-1.8141,-0.0524,0.0,0.0,0.0,0.0,0,0,0,0,0,0,262.2783508300781,-0.4664,0
2026-03-04 00:00:00-05:00,264.4063951364299,265.9050144519466,261.179387723623,262.2784,39803100,0.0,0.0,AAPL,38.906,265.4055,0.9882,-2.1046,-1.8722,-0.2325,0.0,0.0,0.0,0.0,0,0,0,0,0,0,260.0504150390625,-0.8495,0
2026-03-05 00:00:00-05:00,260.54995479568396,261.3192350446657,257.01320478174756,260.0504,49658600,0.0,0.0,AAPL,48.4668,265.4055,0.9798,-2.445,-1.9868,-0.4583,0.0,0.0,0.0,0.0,0,0,0,0,0,0,257.2229919433594,-1.0873,0
2026-03-06 00:00:00-05:00,258.39192833924307,258.53178361058343,254.13584003818684,257.223,41120000,0.0,0.0,AAPL,51.916,265.4055,0.9692,-2.9094,-2.1713,-0.7381,0.0,0.0,0.0,0.0,0,0,0,0,0,0,259.6407775878906,0.94,1
2026-03-09 00:00:00-04:00,255.45463216869055,260.9095975388004,253.44647267699952,259.6408,38218500,0.0,0.0,AAPL,44.7589,265.4055,0.9783,-3.0472,-2.3465,-0.7007,0.0,0.0,0.0,0.0,0,0,0,0,0,0,260.58990478515625,0.3656,1
2026-03-10 00:00:00-04:00,257.4128391437035,262.2384104290217,256.71350175461305,260.5899,30590800,0.0,0.0,AAPL,45.4451,264.7166,0.9844,-3.0447,-2.4861,-0.5586,29.0943,0.0,0.0,0.0,0,0,0,0,0,0,260.5699157714844,-0.0077,0
2026-03-11 00:00:00-04:00,260.8496568052655,261.888707997661,259.3110658747261,260.5699,26218900,0.0,0.0,AAPL,50.3296,264.0737,0.9867,-3.0097,-2.5908,-0.4189,29.1032,0.0,0.0,0.0,0,0,0,0,0,0,255.52456665039062,-1.9363,0
2026-03-12 00:00:00-04:00,258.4219063383753,258.71164792954545,253.94601921584928,255.5246,40794000,0.0,0.0,AAPL,37.7296,263.0876,0.9713,-3.3504,-2.7428,-0.6077,29.5107,0.0,0.0,0.0,0,0,0,0,0,0,249.8897705078125,-2.2052,0
2026-03-13 00:00:00-04:00,255.24483747003174,256.0940459350445,249.29033192864068,249.8898,36930000,0.0,0.0,AAPL,29.915,262.5076,0.9519,-4.0287,-2.9999,-1.0287,25.0026,0.0,0.0,0.0,0,0,0,0,0,0,252.58729553222656,1.0795,1
2026-03-16 00:00:00-04:00,251.87794235419486,253.6563027081548,249.6499992581203,252.5873,32074200,0.0,0.0,AAPL,23.6928,262.3598,0.9628,-4.299,-3.2598,-1.0392,24.1597,0.0,0.0,0.0,0,0,0,0,0,0,253.99598693847656,0.5577,1
2026-03-17 00:00:00-04:00,252.72716690012706,254.89516767044782,251.94787083452104,253.996,32361600,0.0,0.0,AAPL,22.253,261.8777,0.9699,-4.3494,-3.4777,-0.8717,21.143,0.0,0.0,0.0,0,0,0,0,0,0,249.70994567871094,-1.6874,0
2026-03-18 00:00:00-04:00,252.3974721128864,254.70534343896443,248.7708084606242,249.7099,35757900,0.0,0.0,AAPL,20.5378,261.1579,0.9562,-4.6813,-3.7184,-0.9629,21.7549,0.0,0.0,0.0,0,0,0,0,0,0,248.73085021972656,-0.3921,0
2026-03-19 00:00:00-04:00,249.17043241392184,251.5982036354298,247.0723745163624,248.7309,34864100,0.0,0.0,AAPL,25.6558,260.5774,0.9545,-4.966,-3.9679,-0.9981,21.3321,0.0,0.0,0.0,0,0,0,0,0,0,247.76173400878906,-0.3896,0
2026-03-20 00:00:00-04:00,247.7517334570195,248.97061168291066,245.77356028907465,247.7617,88331100,0.0,0.0,AAPL,23.6037,259.7487,0.9539,-5.2098,-4.2163,-0.9935,20.302,0.0,0.0,0.0,0,0,0,0,0,0,251.25851440429688,1.4113,1
2026-03-23 00:00:00-04:00,253.73622734962268,254.3656523266213,250.0496214753341,251.2585,40546100,0.0,0.0,AAPL,32.0865,259.0149,0.9701,-5.0625,-4.3855,-0.677,20.9776,0.0,0.0,0.0,0,0,0,0,0,0,251.4083709716797,0.0596,1
2026-03-24 00:00:00-04:00,250.1195650925759,254.5954370944537,249.32029842391177,251.4084,45152300,0.0,0.0,AAPL,33.5848,257.9908,0.9745,-4.8774,-4.4839,-0.3935,18.8296,0.0,0.0,0.0,0,0,0,0,0,0,252.38746643066406,0.3894,1
2026-03-25 00:00:00-04:00,253.86611511385965,254.76528059453105,251.3684162845015,252.3875,28476700,0.0,0.0,AAPL,37.9743,256.9113,0.9824,-4.5988,-4.5069,-0.0919,18.5686,0.0,0.0,0.0,0,0,0,0,0,0,252.6572265625,0.1069,1
2026-03-26 00:00:00-04:00,251.88793104116345,256.76344411909713,250.53918279672283,252.6572,41796700,0.0,0.0,AAPL,42.2094,255.9092,0.9873,-4.3065,-4.4668,0.1603,18.6539,0.0,0.0,0.0,0,0,0,0,0,0,248.57098388671875,-1.6173,0
2026-03-27 00:00:00-04:00,253.666280215245,255.2548282141602,247.8416601166152,248.571,47900000,0.0,0.0,AAPL,32.129,255.1409,0.9742,-4.3544,-4.4443,0.0899,16.1212,0.0,0.0,0.0,0,0,0,0,0,0,246.40298461914062,-0.8722,0
2026-03-30 00:00:00-04:00,249.83982057534305,250.63907198816298,245.28400520065438,246.403,39446200,0.0,0.0,AAPL,27.964,254.2373,0.9692,-4.5153,-4.4585,-0.0568,16.1322,0.0,0.0,0.0,0,0,0,0,0,0,253.55638122558594,2.9031,1
2026-03-31 00:00:00-04:00,247.6818040942864,255.24482803058763,246.87255213324852,253.5564,49598100,0.0,0.0,AAPL,41.0823,253.7397,0.9993,-4.0192,-4.3707,0.3514,19.8337,0.0,0.0,0.0,0,0,0,0,0,0,255.3946990966797,0.725,1
2026-04-01 00:00:00-04:00,253.8461228128272,255.94418062939917,253.096813183035,255.3947,40059400,0.0,0.0,AAPL,49.8202,253.3955,1.0079,-3.4381,-4.1842,0.746,20.059,0.0,0.0,0.0,0,0,0,0,0,0,255.68443298339844,0.1134,1
2026-04-02 00:00:00-04:00,253.96601496217014,255.89424639361263,250.4192795609811,255.6844,31289400,0.0,0.0,AAPL,59.4156,253.1772,1.0099,-2.9205,-3.9314,1.0109,19.8884,0.0,0.0,0.0,0,0,0,0,0,0,258.6217041015625,1.1488,1
2026-04-06 00:00:00-04:00,256.27389167390277,261.9186847371787,256.2239194053331,258.6217,29329900,0.0,0.0,AAPL,59.7293,253.2472,1.0212,-2.2474,-3.5946,1.3472,19.9659,0.0,0.0,0.0,0,0,0,0,0,0,253.26666259765625,-2.0706,0
2026-04-07 00:00:00-04:00,255.92421782448065,255.96418954301222,245.47383916108728,253.2667,62148000,0.0,0.0,AAPL,48.9568,252.9285,1.0013,-2.1216,-3.3,1.1784,20.989,0.0,0.0,0.0,0,0,0,0,0,0,258.66168212890625,2.1302,1
2026-04-08 00:00:00-04:00,258.2121146377317,259.51090582044134,256.29386854025813,258.6617,41032800,0.0,0.0,AAPL,62.41,252.8321,1.0231,-1.5685,-2.9537,1.3852,22.4122,0.0,0.0,0.0,0,0,0,0,0,0,260.2502136230469,0.6141,1
2026-04-09 00:00:00-04:00,258.7615948993736,260.879638597066,255.8342992320816,260.2502,28121600,0.0,0.0,AAPL,65.7042,252.8161,1.0294,-0.9906,-2.5611,1.5705,22.528,0.0,0.0,0.0,0,0,0,0,0,0,260.240234375,-0.0038,0
2026-04-10 00:00:00-04:00,259.7406946341393,261.94865175168746,258.78155637925676,260.2402,31291500,0.0,0.0,AAPL,67.4686,253.0519,1.0284,-0.5273,-2.1544,1.627,21.3338,0.0,0.0,0.0,0,0,0,0,0,0,258.96142578125,-0.4914,0
2026-04-13 00:00:00-04:00,259.49093671136296,259.9405042051452,256.4237552437805,258.9614,36234700,0.0,0.0,AAPL,61.4972,253.5054,1.0215,-0.2603,-1.7755,1.5152,19.681,0.0,0.0,0.0,0,0,0,0,0,0,258.59173583984375,-0.1428,0
2026-04-14 00:00:00-04:00,259.01136264890187,261.68888841493145,256.9532612999924,258.5917,48370700,0.0,0.0,AAPL,60.6518,253.8057,1.0189,-0.0777,-1.436,1.3583,19.4213,0.0,0.0,0.0,0,0,0,0,0,0,266.18475341796875,2.9363,1
2026-04-15 00:00:00-04:00,257.92237663273806,266.3146386359468,257.57269269729437,266.1848,49913500,0.0,0.0,AAPL,67.1043,254.4151,1.0463,0.672,-1.0144,1.6864,21.8129,0.0,0.0,0.0,0,0,0,0,0,0,263.15753173828125,-1.1373,0
2026-04-16 00:00:00-04:00,266.55439590858066,266.91408037974617,261.0294875448873,263.1575,43323100,0.0,0.0,AAPL,62.1841,255.0875,1.0316,1.0102,-0.6095,1.6197,21.247,0.0,0.0,0.0,0,0,0,0,0,0,269.98126220703125,2.593,1
2026-04-17 00:00:00-04:00,266.7142527536172,272.0493335842862,266.47448343207725,269.9813,61436200,0.0,0.0,AAPL,73.3595,256.15,1.054,1.808,-0.126,1.934,22.6097,0.0,0.0,0.0,0,0,0,0,0,0,272.79864501953125,1.0435,1
2026-04-20 00:00:00-04:00,270.08114756253855,274.0275237795767,270.04120633500696,272.7986,36590200,0.0,0.0,AAPL,78.3964,257.4018,1.0598,2.6373,0.4267,2.2106,22.5009,0.0,0.0,0.0,0,0,0,0,0,0,265.9250183105469,-2.5197,0
2026-04-21 00:00:00-04:00,271.250098918132,272.5488901425708,265.1557075406741,265.925,50209800,0.0,0.0,AAPL,63.3867,258.1352,1.0302,2.7085,0.8831,1.8255,24.5993,0.0,0.0,0.0,0,0,0,0,0,0,272.9185791015625,2.6299,1
2026-04-22 00:00:00-04:00,267.5734973129919,273.48803128351057,266.62435952726383,272.9186,43249200,0.0,0.0,AAPL,67.0623,259.2107,1.0529,3.2914,1.3647,1.9267,25.9286,0.0,0.0,0.0,0,0,0,0,0,0,273.1783142089844,0.0952,1
2026-04-23 00:00:00-04:00,274.79681820267325,275.5161566987003,271.39995382845746,273.1783,33399600,0.0,0.0,AAPL,67.0431,260.2502,1.0497,3.7313,1.838,1.8933,25.9548,0.0,0.0,0.0,0,0,0,0,0,0,270.81048583984375,-0.8668,0
2026-04-24 00:00:00-04:00,272.50893317942314,272.80864483253174,269.4017800912603,270.8105,38157100,0.0,0.0,AAPL,62.0079,261.1579,1.037,3.8445,2.2393,1.6052,26.3326,0.0,0.0,0.0,0,0,0,0,0,0,267.3636474609375,-1.2728,0
2026-04-27 00:00:00-04:00,265.84505761361925,268.1129570778125,264.8260075108844,267.3636,41466800,0.0,0.0,AAPL,64.4303,262.0975,1.0201,3.6145,2.5144,1.1001,26.0158,0.0,0.0,0.0,0,0,0,0,0,0,270.4608154296875,1.1584,1
2026-04-28 00:00:00-04:00,272.0893199684016,272.97851539952296,268.4127145556596,270.4608,40018900,0.0,0.0,AAPL,62.6744,263.3004,1.0272,3.6401,2.7395,0.9006,25.7187,0.0,0.0,0.0,0,0,0,0,0,0,269.92132568359375,-0.1995,0
2026-04-29 00:00:00-04:00,267.3037117460274,270.7905199823619,266.7942019267937,269.9213,30047900,0.0,0.0,AAPL,60.628,264.1187,1.022,3.5757,2.9067,0.6689,24.1507,0.0,0.0,0.0,0,0,0,0,0,0,271.1002502441406,0.4368,1
2026-04-30 00:00:00-04:00,270.25102650288807,275.7459641951834,267.893213328058,271.1003,91848200,0.0,0.0,AAPL,61.6356,264.9039,1.0234,3.5785,3.0411,0.5374,24.1089,0.0,0.0,0.0,0,0,0,0,0,0,279.88214111328125,3.2394,1
2026-05-01 00:00:00-04:00,278.6032901046287,286.95561044034525,278.1137509144006,279.8821,79915400,0.0,0.0,AAPL,69.3102,266.1138,1.0517,4.2405,3.281,0.9595,26.2313,0.0,0.0,0.0,0,0,0,0,0,0,276.5751647949219,-1.1816,0
2026-05-04 00:00:00-04:00,279.4025768563376,280.3716851917065,274.60697695873915,276.5752,46668400,0.0,0.0,AAPL,65.7453,267.0115,1.0358,4.447,3.5142,0.9328,26.7264,0.0,0.0,0.0,0,0,0,0,0,0,283.9184265136719,2.6551,1
2026-05-05 00:00:00-04:00,276.6750995896243,284.30808218316156,276.2455026895375,283.9184,49311700,0.0,0.0,AAPL,65.5948,268.5441,1.0573,5.1439,3.8401,1.3038,26.3117,0.0,0.0,0.0,0,0,0,0,0,0,287.245361328125,1.1718,1
2026-05-06 00:00:00-04:00,281.66051049385584,287.76487170009636,280.8112868075762,287.2454,58336100,0.0,0.0,AAPL,71.0715,269.9733,1.064,5.8967,4.2514,1.6452,25.7802,0.0,0.0,0.0,0,0,0,0,0,0,287.1754150390625,-0.0244,0
2026-05-07 00:00:00-04:00,289.00371711581823,291.8611003514943,285.5169394038565,287.1754,45224300,0.0,0.0,AAPL,67.0565,271.3195,1.0584,6.4137,4.6839,1.7298,25.8547,0.0,0.0,0.0,0,0,0,0,0,0,293.0500183105469,2.0456,1
2026-05-08 00:00:00-04:00,289.7430674686918,294.4886952888782,289.7330669166447,293.05,52692800,0.0,0.0,AAPL,68.9404,272.96,1.0736,7.2143,5.1899,2.0243,26.3377,0.0,0.0,0.0,0,0,0,0,0,0,292.67999267578125,-0.1263,0
2026-05-11 00:00:00-04:00,291.9800109863281,293.8800048828125,290.2300109863281,292.68,42247300,0.27,0.0,AAPL,78.4887,274.6459,1.0657,7.7298,5.6979,2.0319,26.1668,0.0,0.0,0.0,0,0,0,0,0,0,294.79998779296875,0.7243,1
2026-05-12 00:00:00-04:00,292.55999755859375,295.2699890136719,292.55999755859375,294.8,45748100,0.0,0.0,AAPL,75.9975,276.4564,1.0664,8.2147,6.2013,2.0134,26.0092,0.0,0.0,0.0,0,0,0,0,0,0,298.8699951171875,1.3806,1
2026-05-13 00:00:00-04:00,293.5,300.9200134277344,293.5,298.87,52684300,0.0,0.0,AAPL,77.9903,278.0906,1.0747,8.8257,6.7262,2.0995,24.7679,0.0,0.0,0.0,0,0,0,0,0,0,298.2099914550781,-0.2208,0
2026-05-14 00:00:00-04:00,299.82000732421875,300.45001220703125,295.3800048828125,298.21,35324900,0.0,0.0,AAPL,81.0047,279.8432,1.0656,9.1512,7.2112,1.94,24.1244,0.0,0.0,0.0,0,0,0,0,0,0,300.2300109863281,0.6774,1
2026-05-15 00:00:00-04:00,297.8999938964844,303.20001220703125,296.5199890136719,300.23,54862800,0.0,0.0,AAPL,88.4319,281.3557,1.0671,9.463,7.6615,1.8015,22.9975,0.0,0.0,0.0,0,0,0,0,0,0,297.8399963378906,-0.7961,0
2026-05-18 00:00:00-04:00,300.239990234375,300.6600036621094,294.9100036621094,297.84,34483000,0.0,0.0,AAPL,82.5539,282.6077,1.0539,9.4088,8.011,1.3979,23.3895,0.0,0.0,0.0,0,0,0,0,0,0,298.9700012207031,0.3794,1
2026-05-19 00:00:00-04:00,296.9700012207031,300.510009765625,296.3500061035156,298.97,42243600,0.0,0.0,AAPL,84.0606,284.26,1.0517,9.3493,8.2787,1.0707,20.605,0.0,0.0,0.0,0,0,0,0,0,0,302.25,1.0971,1
2026-05-20 00:00:00-04:00,298.17999267578125,302.79998779296875,298.0799865722656,302.25,38229800,0.0,0.0,AAPL,84.8091,285.7266,1.0578,9.4578,8.5145,0.9433,19.2729,0.0,0.0,0.0,0,0,0,0,0,0,304.989990234375,0.9065,1
2026-05-21 00:00:00-04:00,301.05999755859375,305.5400085449219,300.3999938964844,304.99,42965100,0.0,0.0,AAPL,82.4376,287.3172,1.0615,9.6536,8.7423,0.9113,19.2516,0.0,0.0,0.0,0,0,0,0,0,0,308.82000732421875,1.2558,1
2026-05-22 00:00:00-04:00,306.1199951171875,311.3999938964844,305.8399963378906,308.82,43670200,0.0,0.0,AAPL,91.1026,289.2176,1.0678,10.0025,8.9943,1.0081,18.6307,0.0,0.0,0.0,0,0,0,0,0,0,308.3299865722656,-0.1587,0
2026-05-26 00:00:00-04:00,309.55999755859375,311.82000732421875,307.6700134277344,308.33,48000500,0.0,0.0,AAPL,87.7052,291.2659,1.0586,10.1228,9.22,0.9027,17.4775,0.0,0.0,0.0,0,0,0,0,0,0,310.8500061035156,0.8173,1
2026-05-27 00:00:00-04:00,308.3299865722656,313.260009765625,308.29998779296875,310.85,50430900,0.0,0.0,AAPL,87.3909,293.2854,1.0599,10.3027,9.4366,0.8661,17.4061,0.0,0.0,0.0,0,0,0,0,0,0,312.510009765625,0.534,1
2026-05-28 00:00:00-04:00,310.67999267578125,312.79998779296875,309.57000732421875,312.51,48220400,0.0,0.0,AAPL,88.2066,295.4148,1.0579,10.4586,9.641,0.8177,17.0931,0.0,0.0,0.0,0,0,0,0,0,0,312.05999755859375,-0.144,0
2026-05-29 00:00:00-04:00,311.7799987792969,315.0,309.5299987792969,312.06,70026800,0.0,0.0,AAPL,84.2768,297.4628,1.0491,10.4257,9.7979,0.6278,17.3524,0.0,0.0,0.0,0,0,0,0,0,0,306.30999755859375,-1.8426,0
2026-06-01 00:00:00-04:00,309.6300048828125,310.94000244140625,305.0199890136719,306.31,48849900,0.0,0.0,AAPL,70.5828,298.7842,1.0252,9.8225,9.8028,0.0196,16.9046,0.0,0.0,0.0,0,0,0,0,0,0,315.20001220703125,2.9023,1
2026-06-02 00:00:00-04:00,307.4599914550781,315.45001220703125,306.69000244140625,315.2,44534700,0.0,0.0,AAPL,75.5767,300.7155,1.0482,9.9471,9.8317,0.1154,17.8422,0.0,0.0,0.0,0,0,0,0,0,0,310.260009765625,-1.5673,0
2026-06-03 00:00:00-04:00,314.17999267578125,316.94000244140625,308.8500061035156,310.26,50836700,0.0,0.0,AAPL,63.9754,302.0325,1.0272,9.5372,9.7728,-0.2355,17.8806,0.0,0.0,0.0,0,0,0,0,0,0,311.2300109863281,0.3126,1
2026-06-04 00:00:00-04:00,313.2300109863281,313.5400085449219,309.6499938964844,311.23,44869100,0.0,0.0,AAPL,65.8548,303.2318,1.0264,9.1848,9.6552,-0.4704,17.68,0.0,0.0,0.0,0,0,0,0,0,0,307.3399963378906,-1.2499,0
2026-06-05 00:00:00-04:00,312.8599853515625,315.1700134277344,307.1499938964844,307.34,65310500,0.0,0.0,AAPL,58.2809,304.24,1.0102,8.4938,9.4229,-0.9291,18.589,0.0,0.0,0.0,0,0,0,0,0,0,301.5400085449219,-1.8872,0
2026-06-08 00:00:00-04:00,308.739990234375,317.3999938964844,301.1700134277344,301.54,77949100,0.0,0.0,AAPL,53.9922,304.6645,0.9897,7.3929,9.0169,-1.624,19.0568,0.0,0.0,0.0,0,0,0,0,0,0,290.54998779296875,-3.6446,0
2026-06-09 00:00:00-04:00,300.2799987792969,300.75,287.7799987792969,290.55,70108800,0.0,0.0,AAPL,42.5089,304.558,0.954,5.5694,8.3274,-2.758,23.3429,0.0,0.0,0.0,0,0,0,0,0,0,291.5799865722656,0.3545,1
2026-06-10 00:00:00-04:00,290.739990234375,294.75,287.3800048828125,291.58,52793300,0.0,0.0,AAPL,40.1112,304.397,0.9579,4.1594,7.4938,-3.3344,23.2218,0.0,0.0,0.0,0,0,0,0,0,0,295.6300048828125,1.389,1
2026-06-11 00:00:00-04:00,293.7200012207031,297.0,289.5899963378906,295.63,42572500,0.0,0.0,AAPL,41.531,304.235,0.9717,3.3304,6.6611,-3.3307,23.2287,0.0,0.0,0.0,0,0,0,0,0,0,291.1300048828125,-1.5222,0
2026-06-12 00:00:00-04:00,296.0299987792969,297.1400146484375,289.6199951171875,291.13,38742100,0.0,0.0,AAPL,34.1856,303.881,0.958,2.284,5.7857,-3.5017,23.8119,0.0,0.0,0.0,0,0,0,0,0,0,296.4200134277344,1.8171,1
2026-06-15 00:00:00-04:00,294.1199951171875,297.7799987792969,291.70001220703125,296.42,45732600,0.0,0.0,AAPL,40.1943,303.6905,0.9761,1.8601,5.0006,-3.1405,24.6405,0.0,0.0,0.0,0,0,0,0,0,0,299.239990234375,0.9513,1
2026-06-16 00:00:00-04:00,295.25,300.4800109863281,293.9700012207031,299.24,39874400,0.0,0.0,AAPL,40.4883,303.7605,0.9851,1.7318,4.3468,-2.615,24.7215,0.0,0.0,0.0,0,0,0,0,0,0,295.95001220703125,-1.0994,0
2026-06-17 00:00:00-04:00,300.8500061035156,302.07000732421875,294.3599853515625,295.95,42745100,0.0,0.0,AAPL,36.7858,303.6095,0.9748,1.349,3.7473,-2.3982,25.004,0.0,0.0,0.0,0,0,0,0,0,0,298.010009765625,0.6961,1
2026-06-18 00:00:00-04:00,298.1099853515625,300.57000732421875,295.6199951171875,298.01,85962200,0.0,0.0,AAPL,39.0696,303.3975,0.9822,1.1981,3.2374,-2.0393,24.8021,0.0,0.0,0.0,0,0,0,0,0,0,297.010009765625,-0.3356,0
2026-06-22 00:00:00-04:00,297.30999755859375,302.4200134277344,296.760009765625,297.01,44879900,0.0,0.0,AAPL,42.1875,302.9985,0.9802,0.9865,2.7873,-1.8008,24.5514,0.0,0.0,0.0,0,0,0,0,0,0,294.29998779296875,-0.9124,0
2026-06-23 00:00:00-04:00,297.5400085449219,301.6400146484375,294.17999267578125,294.3,52010900,0.0,0.0,AAPL,30.4087,302.2725,0.9736,0.5932,2.3484,-1.7552,24.1416,0.0,0.0,0.0,0,0,0,0,0,0,293.0799865722656,-0.4145,0
2026-06-24 00:00:00-04:00,295.3599853515625,299.70001220703125,292.94000244140625,293.08,53081900,0.0,0.0,AAPL,32.6884,301.51,0.972,0.181,1.915,-1.7339,24.1487,0.0,0.0,0.0,0,0,0,0,0,0,275.1499938964844,-6.1178,0
2026-06-25 00:00:00-04:00,287.3999938964844,288.79998779296875,273.75,275.15,107013700,0.0,0.0,AAPL,22.9048,299.725,0.918,-1.5743,1.2171,-2.7914,31.5316,0.0,0.0,0.0,0,0,0,0,0,0,283.7799987792969,3.1365,1
2026-06-26 00:00:00-04:00,275.0,285.95001220703125,274.2099914550781,283.78,261775500,0.0,0.0,AAPL,33.4829,298.2885,0.9514,-2.2432,0.5251,-2.7682,34.0162,0.0,0.0,0.0,0,0,0,0,0,0,281.739990234375,-0.7189,0
2026-06-29 00:00:00-04:00,286.7300109863281,288.3699951171875,279.8500061035156,281.74,66427000,0.0,0.0,AAPL,35.3464,296.7725,0.9493,-2.9044,-0.1608,-2.7435,34.0069,0.0,0.0,0.0,0,0,0,0,0,0,289.3599853515625,2.7046,1
2026-06-30 00:00:00-04:00,281.1700134277344,289.94000244140625,280.70001220703125,289.36,65100200,0.0,0.0,AAPL,49.0731,295.925,0.9778,-2.7815,-0.685,-2.0965,35.4057,0.0,0.0,0.0,0,0,0,0,0,0,294.3800048828125,1.7349,1
2026-07-01 00:00:00-04:00,293.44000244140625,296.5899963378906,289.20001220703125,294.38,50164200,0.0,0.0,AAPL,52.0534,294.884,0.9983,-2.253,-0.9986,-1.2544,34.2462,0.0,0.0,0.0,0,0,0,0,0,0,308.6300048828125,4.8407,1
2026-07-02 00:00:00-04:00,294.1199951171875,309.4200134277344,293.67999267578125,308.63,75352800,0.0,0.0,AAPL,58.2929,294.8025,1.0469,-0.6766,-0.9342,0.2576,38.444,0.0,0.0,0.0,0,0,0,0,0,0,312.6600036621094,1.3058,1
2026-07-06 00:00:00-04:00,307.3599853515625,314.20001220703125,307.0,312.66,53590000,0.0,0.0,AAPL,63.8172,294.874,1.0603,0.8878,-0.5698,1.4575,38.7112,0.0,0.0,0.0,0,0,0,0,0,0,310.6600036621094,-0.6397,0
2026-07-07 00:00:00-04:00,315.2900085449219,315.4800109863281,310.1499938964844,310.66,42490000,0.0,0.0,AAPL,59.5417,295.04,1.0529,1.9437,-0.0671,2.0108,38.4992,0.0,0.0,0.0,0,0,0,0,0,0,313.3900146484375,0.8788,1
2026-07-08 00:00:00-04:00,311.9100036621094,314.82000732421875,307.04998779296875,313.39,41323500,0.0,0.0,AAPL,59.4928,295.6325,1.0601,2.9666,0.5397,2.427,37.8697,0.0,0.0,0.0,0,0,0,0,0,0,316.2200012207031,0.903,1
2026-07-09 00:00:00-04:00,310.510009765625,316.5299987792969,308.1600036621094,316.22,48124500,0.0,0.0,AAPL,63.683,296.916,1.065,3.96,1.2237,2.7363,35.0495,0.0,0.0,0.0,0,0,0,0,0,0,315.32000732421875,-0.2846,0
2026-07-10 00:00:00-04:00,314.7200012207031,316.9100036621094,312.1700134277344,315.32,34132300,0.0,0.0,AAPL,61.8708,298.103,1.0578,4.6214,1.9033,2.7181,35.1453,0.0,0.0,0.0,0,0,0,0,0,0,317.30999755859375,0.6311,1
2026-07-13 00:00:00-04:00,317.0199890136719,323.45001220703125,315.7799987792969,317.31,43257800,0.0,0.0,AAPL,63.7348,299.187,1.0606,5.2456,2.5717,2.6739,34.9695,0.0,0.0,0.0,0,0,0,0,0,0,314.8599853515625,-0.7721,0
2026-07-14 00:00:00-04:00,313.760009765625,316.19000244140625,311.9100036621094,314.86,36336800,0.0,0.0,AAPL,63.9598,300.3735,1.0482,5.4795,3.1533,2.3262,34.5275,0.0,0.0,0.0,0,0,0,0,0,0,327.5,4.0145,1
2026-07-15 00:00:00-04:00,317.6199951171875,328.7300109863281,317.32000732421875,327.5,60957600,0.0,0.0,AAPL,70.2328,301.9275,1.0847,6.6086,3.8443,2.7642,36.5336,0.0,0.0,0.0,0,0,0,0,0,0,333.260009765625,1.7588,1
2026-07-16 00:00:00-04:00,328.010009765625,334.67999267578125,326.7900085449219,333.26,62970600,0.0,0.0,AAPL,89.8614,303.6285,1.0976,7.8774,4.651,3.2264,36.7702,0.0,0.0,0.0,0,0,0,0,0,0,333.739990234375,0.144,1
2026-07-17 00:00:00-04:00,331.9800109863281,334.989990234375,329.0,333.74,63407100,0.0,0.0,AAPL,88.5851,305.518,1.0924,8.82,5.4848,3.3352,36.2852,0.0,0.0,0.0,0,0,0,0,0,0,326.5899963378906,-2.1424,0
2026-07-20 00:00:00-04:00,333.510009765625,333.7099914550781,323.67999267578125,326.59,53468000,0.0,0.0,AAPL,82.1045,306.947,1.064,8.8876,6.1653,2.7223,37.5896,0.0,0.0,0.0,0,0,0,0,0,0,327.739990234375,0.3521,1
2026-07-21 00:00:00-04:00,323.1300048828125,329.6000061035156,322.2200012207031,327.74,41338900,0.0,0.0,AAPL,80.2777,308.4835,1.0624,8.931,6.7185,2.2126,37.4694,0.0,0.0,0.0,0,0,0,0,0,0,325.8900146484375,-0.5645,0
2026-07-22 00:00:00-04:00,327.8699951171875,329.0,323.3399963378906,325.89,38755900,0.0,0.0,AAPL,76.1668,310.063,1.051,8.7157,7.1179,1.5978,37.313,0.0,0.0,0.0,0,0,0,0,0,0,321.6600036621094,-1.298,0
2026-07-23 00:00:00-04:00,321.7300109863281,323.29998779296875,319.3500061035156,321.66,40840800,0.0,0.0,AAPL,62.9807,311.492,1.0326,8.1102,7.3164,0.7939,37.7413,0.0,0.0,0.0,0,0,0,0,0,0,333.0199890136719,3.5317,1
2026-07-24 00:00:00-04:00,321.7900085449219,334.3699951171875,321.6199951171875,333.02,47489400,0.0,0.0,AAPL,67.6982,314.3855,1.0593,8.4497,7.543,0.9066,30.0899,0.0,0.0,0.0,0,0,0,0,0,0,336.9100036621094,1.1681,1
2026-07-27 00:00:00-04:00,334.5400085449219,339.57000732421875,334.0199890136719,336.91,49604300,0.0,0.0,AAPL,72.0923,317.042,1.0627,8.9296,7.8203,1.1093,29.007,0.0,0.0,0.0,0,0,0,0,0,0,340.0799865722656,0.9409,1
2026-07-28 00:00:00-04:00,340.0299987792969,342.8900146484375,335.6000061035156,340.08,51859000,0.0,0.0,AAPL,72.2974,319.959,1.0629,9.4567,8.1476,1.3091,28.3872,0.0,0.0,0.0,0,0,0,0,0,0,338.19000244140625,-0.5557,0
2026-07-29 00:00:00-04:00,339.7300109863281,344.57000732421875,337.3500061035156,338.19,56090800,0.0,0.0,AAPL,68.6471,322.4005,1.049,9.6112,8.4403,1.1709,28.0877,0.0,0.0,0.0,0,0,0,0,0,0,333.42999267578125,-1.4075,0
2026-07-30 00:00:00-04:00,333.1000061035156,334.75,329.5899963378906,333.43,74817800,0.0,0.0,AAPL,64.4257,324.353,1.028,9.243,8.6009,0.6421,28.8997,0.0,0.0,0.0,0,0,0,0,0,0,308.9100036621094,-7.3539,0
2026-07-31 00:00:00-04:00,304.80999755859375,310.69000244140625,300.0,308.91,132489100,0.0,0.0,AAPL,45.0762,324.367,0.9523,6.8931,8.2593,-1.3662,36.7445,0.0,0.0,0.0,0,0,0,0,0,0,303.4200134277344,-1.7772,0
2026-08-03 00:00:00-04:00,309.5799865722656,311.79998779296875,302.55999755859375,303.42,75052000,0.0,0.0,AAPL,43.525,323.905,0.9368,4.5356,7.5146,-2.979,36.9544,0.0,0.0,0.0,0,0,0,0,0,0,309.3800048828125,1.9643,1
2026-08-04 00:00:00-04:00,302.7300109863281,310.4200134277344,301.32000732421875,309.38,68001000,0.0,0.0,AAPL,38.9052,323.841,0.9553,3.1123,6.6341,-3.5218,37.6221,0.0,0.0,0.0,0,0,0,0,0,0,311.0,0.5236,1
2026-08-05 00:00:00-04:00,309.3599853515625,311.7099914550781,305.6700134277344,311.0,49438800,0.0,0.0,AAPL,35.6424,323.7215,0.9607,2.0909,5.7255,-3.6346,37.5339,0.0,0.0,0.0,0,0,0,0,0,0,312.4100036621094,0.4534,1
2026-02-09 00:00:00-05:00,184.03552934237337,193.42408742490235,183.7259094221984,189.8085,196387400,0.0,0.0,NVDA,50.0,185.7969,1.0216,0.0,0.0,0.0,0.0,0.0,0.0,0.0,0,0,0,0,0,0,188.31031799316406,-0.7893,0
2026-02-10 00:00:00-05:00,191.1468699498802,192.24552080983682,187.89083145679504,188.3103,136764800,0.0,0.0,NVDA,50.0,185.7969,1.0135,-0.1195,-0.0239,-0.0956,0.0,0.0,0.0,0.0,0,0,0,0,0,0,189.8184814453125,0.8009,1
2026-02-11 00:00:00-05:00,192.2155516352278,193.0245624433192,188.54004197866425,189.8185,144192700,0.0,0.0,NVDA,50.0,185.7969,1.0216,-0.0915,-0.0374,-0.0541,0.0,0.0,0.0,0.0,0,0,0,0,0,0,186.7122802734375,-1.6364,0
2026-02-12 00:00:00-05:00,192.79485804306626,193.3741533411549,186.28279615580217,186.7123,189932500,0.0,0.0,NVDA,50.0,185.7969,1.0049,-0.3163,-0.0932,-0.2231,0.0,0.0,0.0,0.0,0,0,0,0,0,0,182.58731079101562,-2.2093,0
2026-02-13 00:00:00-05:00,187.25162028422807,187.27160018883805,181.36879569323744,182.5873,161888000,0.0,0.0,NVDA,50.0,185.7969,0.9827,-0.8178,-0.2381,-0.5797,0.0,0.0,0.0,0.0,0,0,0,0,0,0,184.7446746826172,1.1816,1
2026-02-17 00:00:00-05:00,181.5285959992061,186.92201173748992,178.9617194034806,184.7447,162276900,0.0,0.0,NVDA,50.0,185.7969,0.9943,-1.0294,-0.3964,-0.633,0.0,0.0,0.0,0.0,0,0,0,0,0,0,187.75099182128906,1.6273,1
2026-02-18 00:00:00-05:00,188.52005804720127,190.13807962880853,186.53247684939709,187.751,164749100,0.0,0.0,NVDA,50.0,185.7969,1.0105,-0.9436,-0.5058,-0.4378,0.0,0.0,0.0,0.0,0,0,0,0,0,0,187.6710968017578,-0.0426,0
2026-02-19 00:00:00-05:00,186.8321237354349,188.20044994409497,185.43383529156333,187.6711,126554500,0.0,0.0,NVDA,50.0,185.7969,1.0101,-0.8719,-0.579,-0.2929,0.0,0.0,0.0,0.0,0,0,0,0,0,0,189.58877563476562,1.0218,1
2026-02-20 00:00:00-05:00,186.342734664171,190.09814888521723,185.71349722992974,189.5888,178422300,0.0,0.0,NVDA,50.0,185.7969,1.0204,-0.6529,-0.5938,-0.0591,0.0,0.0,0.0,0.0,0,0,0,0,0,0,191.31666564941406,0.9114,1
2026-02-23 00:00:00-05:00,191.16683922839312,193.71373598373438,189.3490641935772,191.3167,171584800,0.0,0.0,NVDA,50.0,185.7969,1.0297,-0.3361,-0.5423,0.2062,0.0,0.0,0.0,0.0,0,0,0,0,0,0,192.61508178710938,0.6787,1
2026-02-24 00:00:00-05:00,191.2567378902843,193.53395924081437,187.171708627792,192.6151,175123600,0.0,0.0,NVDA,50.0,185.7969,1.0367,0.0196,-0.4299,0.4495,0.0,0.0,0.0,0.0,0,0,0,0,0,0,195.32176208496094,1.4052,1
2026-02-25 00:00:00-05:00,194.2131137016724,197.38924768090467,193.5539140704845,195.3218,250637100,0.0,0.0,NVDA,50.0,185.7969,1.0513,0.514,-0.2411,0.7551,0.0,0.0,0.0,0.0,0,0,0,0,0,0,184.66476440429688,-5.4561,0
2026-02-26 00:00:00-05:00,194.03334246429932,194.0533071271398,184.09546670933034,184.6648,360807900,0.0,0.0,NVDA,50.0,185.7969,0.9939,0.0453,-0.1838,0.2291,0.0,0.0,0.0,0.0,0,0,0,0,0,0,176.97415161132812,-4.1646,0
2026-02-27 00:00:00-05:00,181.0292033274304,182.36756729714082,176.1651407824763,176.9742,311636500,0.0,0.0,NVDA,34.5292,185.7969,0.9525,-0.9359,-0.3342,-0.6017,0.0,0.0,0.0,0.0,0,0,0,0,0,0,182.25770568847656,2.9855,1
2026-03-02 00:00:00-05:00,174.79680413295333,183.2365228635074,174.42725972943845,182.2577,209095300,0.0,0.0,NVDA,41.9265,185.7969,0.981,-1.2725,-0.5219,-0.7506,0.0,0.0,0.0,0.0,0,0,0,0,0,0,179.83065795898438,-1.3317,0
2026-03-03 00:00:00-05:00,178.27256086028186,180.67961330625172,176.70446619030554,179.8307,178099400,0.0,0.0,NVDA,41.1099,185.7969,0.9679,-1.7153,-0.7606,-0.9548,0.0,0.0,0.0,0.0,0,0,0,0,0,0,182.8170166015625,1.6607,1
2026-03-04 00:00:00-05:00,180.22019302825058,184.47499807110998,179.84065106191534,182.817,177731200,0.0,0.0,NVDA,42.8803,185.7969,0.984,-1.8045,-0.9694,-0.8351,0.0,0.0,0.0,0.0,0,0,0,0,0,0,183.1166534423828,0.1639,1
2026-03-05 00:00:00-05:00,180.94929874286032,183.83577756501342,177.6633132926684,183.1167,198779700,0.0,0.0,NVDA,46.1223,185.7969,0.9856,-1.8299,-1.1415,-0.6884,0.0,0.0,0.0,0.0,0,0,0,0,0,0,177.60337829589844,-3.0108,0
2026-03-06 00:00:00-05:00,179.6209064601764,182.5373473445644,176.60459654479845,177.6034,189021900,0.0,0.0,NVDA,44.7814,185.7969,0.9559,-2.2688,-1.3669,-0.9018,0.0,0.0,0.0,0.0,0,0,0,0,0,0,182.427490234375,2.7162,1
2026-03-09 00:00:00-04:00,176.61458806542097,182.68718325690133,175.34613090826778,182.4275,177213600,0.0,0.0,NVDA,47.702,185.7969,0.9819,-2.2019,-1.5339,-0.668,0.0,0.0,0.0,0.0,0,0,0,0,0,0,184.544921875,1.1607,1
2026-03-10 00:00:00-04:00,182.17779858894656,186.21288569214076,181.7882742872215,184.5449,179118500,0.0,0.0,NVDA,46.7635,185.5337,0.9947,-1.9555,-1.6183,-0.3373,35.5493,0.0,0.0,0.0,0,0,0,0,0,0,185.8134307861328,0.6874,1
2026-03-11 00:00:00-04:00,185.6935753620157,187.40157611978597,184.23526832414757,185.8134,145280400,0.01,0.0,NVDA,48.1686,185.4089,1.0022,-1.639,-1.6224,-0.0166,35.565,0.0,0.0,0.0,0,0,0,0,0,0,182.9268035888672,-1.5535,0
2026-03-12 00:00:00-04:00,183.83574790315467,184.72471123223085,181.53842231669145,182.9268,155762700,0.0,0.0,NVDA,43.5555,185.0643,0.9885,-1.6026,-1.6185,0.0158,35.8056,0.0,0.0,0.0,0,0,0,0,0,0,180.0401611328125,-1.578,0
2026-03-13 00:00:00-04:00,184.70472270189353,185.87335881208497,179.73052445930352,180.0402,160988400,0.0,0.0,NVDA,39.3308,184.7307,0.9746,-1.7861,-1.652,-0.1341,35.7742,0.0,0.0,0.0,0,0,0,0,0,0,183.0067138671875,1.6477,1
2026-03-16 00:00:00-04:00,182.7570048934839,188.66012868968363,181.19882333613754,183.0067,217307400,0.0,0.0,NVDA,41.1873,184.7516,0.9906,-1.6729,-1.6562,-0.0167,35.4584,0.0,0.0,0.0,0,0,0,0,0,0,181.71820068359375,-0.7041,0
2026-03-17 00:00:00-04:00,184.8445618023411,185.1841623368753,181.4684917186082,181.7182,182497800,0.0,0.0,NVDA,37.1896,184.6003,0.9844,-1.6679,-1.6585,-0.0094,35.2814,0.0,0.0,0.0,0,0,0,0,0,0,180.1899871826172,-0.841,0
2026-03-18 00:00:00-04:00,182.26756764801692,183.16652908726184,180.12007659614625,180.19,156683100,0.0,0.0,NVDA,44.9112,184.2223,0.9781,-1.7669,-1.6802,-0.0867,34.8016,0.0,0.0,0.0,0,0,0,0,0,0,178.3521270751953,-1.02,0
2026-03-19 00:00:00-04:00,177.80276430906588,179.77047215436778,175.5853475010711,178.3521,170968500,0.0,0.0,NVDA,51.8077,183.7563,0.9706,-1.9709,-1.7383,-0.2326,34.9223,0.0,0.0,0.0,0,0,0,0,0,0,172.4989471435547,-3.2818,0
2026-03-20 00:00:00-04:00,177.79278016290237,178.05247199547227,171.52009228430225,172.4989,241323500,0.0,0.0,NVDA,37.3866,182.9018,0.9431,-2.5752,-1.9057,-0.6695,36.1927,0.0,0.0,0.0,0,0,0,0,0,0,175.43553161621094,1.7024,1
2026-03-23 00:00:00-04:00,177.0536408486584,178.16234927411983,174.55655117338722,175.4355,182836300,0.0,0.0,NVDA,44.393,182.1078,0.9634,-2.7851,-2.0816,-0.7035,36.6917,0.0,0.0,0.0,0,0,0,0,0,0,174.99603271484375,-0.2505,0
2026-03-24 00:00:00-04:00,174.6264683383626,176.01484951930743,173.777451794472,174.996,147667800,0.0,0.0,NVDA,39.3292,181.2268,0.9656,-2.9528,-2.2558,-0.697,36.4747,0.0,0.0,0.0,0,0,0,0,0,0,178.47198486328125,1.9863,1
2026-03-25 00:00:00-04:00,176.89383761026875,181.00903649280792,176.64412864426953,178.472,162602100,0.0,0.0,NVDA,44.1684,180.3843,0.9894,-2.7733,-2.3593,-0.414,36.9229,0.0,0.0,0.0,0,0,0,0,0,0,171.04066467285156,-4.1639,0
2026-03-26 00:00:00-04:00,175.86504388946904,176.30451888215924,170.9407749866337,171.0407,186152200,0.0,0.0,NVDA,42.1388,179.7031,0.9518,-3.1939,-2.5262,-0.6676,34.8117,0.0,0.0,0.0,0,0,0,0,0,0,167.32498168945312,-2.1724,0
2026-03-27 00:00:00-04:00,169.80209026823204,170.77096223786808,166.81556566439232,167.325,196212700,0.0,0.0,NVDA,31.4158,179.2207,0.9336,-3.7834,-2.7777,-1.0057,32.5695,0.0,0.0,0.0,0,0,0,0,0,0,164.97772216796875,-1.4028,0
2026-03-30 00:00:00-04:00,168.58352034150624,169.25273855906806,164.07877596313077,164.9777,185627000,0.0,0.0,NVDA,26.0572,178.3567,0.925,-4.3894,-3.1,-1.2894,30.4243,0.0,0.0,0.0,0,0,0,0,0,0,174.1969757080078,5.5882,1
2026-03-31 00:00:00-04:00,166.77563225072552,174.41672082635512,166.7656493784466,174.197,226181300,0.0,0.0,NVDA,38.1011,178.075,0.9782,-4.0787,-3.2958,-0.783,37.0474,0.0,0.0,0.0,0,0,0,0,0,0,175.54541015625,0.7741,1
2026-04-01 00:00:00-04:00,175.79511913229018,177.16351944386196,174.54657425208924,175.5454,168132000,0.0,0.0,NVDA,42.1931,177.7114,0.9878,-3.6813,-3.3729,-0.3084,36.6091,0.0,0.0,0.0,0,0,0,0,0,0,177.18348693847656,0.9331,1
2026-04-02 00:00:00-04:00,171.97954556798163,177.28337661769746,171.170490985778,177.1835,143143200,0.0,0.0,NVDA,46.8967,177.4147,0.9987,-3.1972,-3.3377,0.1405,36.8056,0.0,0.0,0.0,0,0,0,0,0,0,177.43319702148438,0.1409,1
2026-04-06 00:00:00-04:00,176.953760088437,177.58301630024127,175.55538077559635,177.4332,107564300,0.0,0.0,NVDA,43.5655,177.4062,1.0002,-2.7617,-3.2225,0.4609,35.2098,0.0,0.0,0.0,0,0,0,0,0,0,177.89266967773438,0.259,1
2026-04-07 00:00:00-04:00,175.52541836668527,178.0225079733855,173.4578360976707,177.8927,132534900,0.0,0.0,NVDA,45.4973,177.1795,1.004,-2.3523,-3.0485,0.6962,33.7633,0.0,0.0,0.0,0,0,0,0,0,0,181.8680419921875,2.2347,1
2026-04-08 00:00:00-04:00,184.28522303450282,185.0443328296099,180.09011531444295,181.868,147732700,0.0,0.0,NVDA,51.8675,177.0457,1.0272,-1.6876,-2.7763,1.0887,34.5042,0.0,0.0,0.0,0,0,0,0,0,0,183.69590759277344,1.0051,1
2026-04-09 00:00:00-04:00,181.6283100364998,183.86570786090292,180.40972906189933,183.6959,116428500,0.0,0.0,NVDA,55.9484,176.9398,1.0382,-1.0018,-2.4214,1.4196,34.6126,0.0,0.0,0.0,0,0,0,0,0,0,188.41041564941406,2.5665,1
2026-04-10 00:00:00-04:00,184.09543736125556,189.77881591864653,184.08545448929232,188.4104,160459500,0.0,0.0,NVDA,68.1725,177.214,1.0632,-0.077,-1.9525,1.8755,35.2978,0.0,0.0,0.0,0,0,0,0,0,0,189.08961486816406,0.3605,1
2026-04-13 00:00:00-04:00,185.81343445538195,189.43921351677633,185.52377876103736,189.0896,133648200,0.0,0.0,NVDA,66.4421,177.6664,1.0643,0.7026,-1.4215,2.1241,34.6891,0.0,0.0,0.0,0,0,0,0,0,0,196.28123474121094,3.8033,1
2026-04-14 00:00:00-04:00,190.61783708872017,196.28123474121094,190.54792650193752,196.2812,161307000,0.0,0.0,NVDA,72.0464,178.3302,1.1007,1.8791,-0.7614,2.6405,36.6165,0.0,0.0,0.0,0,0,0,0,0,0,198.63848876953125,1.201,1
2026-04-15 00:00:00-04:00,196.31119931453722,200.166706463506,195.5121427945441,198.6385,185338400,0.0,0.0,NVDA,71.3832,179.1762,1.1086,2.9675,-0.0156,2.9831,36.4955,0.0,0.0,0.0,0,0,0,0,0,0,198.1190948486328,-0.2615,0
2026-04-16 00:00:00-04:00,197.20015246424893,199.6173486077875,195.58204328148997,198.1191,134012900,0.0,0.0,NVDA,83.6436,180.0726,1.1002,3.745,0.7365,3.0085,36.2764,0.0,0.0,0.0,0,0,0,0,0,0,201.44520568847656,1.6788,1
2026-04-17 00:00:00-04:00,199.66727910555997,201.46518667284232,199.03802288778024,201.4452,160324400,0.0,0.0,NVDA,92.807,181.2273,1.1116,4.5768,1.5046,3.0722,36.0407,0.0,0.0,0.0,0,0,0,0,0,0,201.82476806640625,0.1884,1
2026-04-20 00:00:00-04:00,199.7471876833392,201.9346406188145,197.6096795882359,201.8248,119381400,0.0,0.0,NVDA,98.6291,182.6936,1.1047,5.2066,2.245,2.9616,33.0168,0.0,0.0,0.0,0,0,0,0,0,0,199.64732360839844,-1.0789,0
2026-04-21 00:00:00-04:00,201.89470437258373,202.51397775047528,198.76834314349978,199.6473,107945300,0.0,0.0,NVDA,91.2565,183.9042,1.0856,5.467,2.8894,2.5776,33.4908,0.0,0.0,0.0,0,0,0,0,0,0,202.26426696777344,1.3108,1
2026-04-22 00:00:00-04:00,200.75603026628932,202.26426696777344,198.76834136586132,202.2643,107501000,0.0,0.0,NVDA,91.6019,185.2676,1.0917,5.8175,3.475,2.3425,33.3803,0.0,0.0,0.0,0,0,0,0,0,0,199.4075927734375,-1.4123,0
2026-04-23 00:00:00-04:00,202.22431724671497,203.59271751351986,196.99041179336916,199.4076,113561800,0.0,0.0,NVDA,83.3384,186.3144,1.0703,5.7979,3.9396,1.8583,33.8838,0.0,0.0,0.0,0,0,0,0,0,0,208.0275421142578,4.3228,1
2026-04-24 00:00:00-04:00,199.72721882416832,210.70441481695215,199.57738430538978,208.0275,214134400,0.0,0.0,NVDA,86.6827,188.1637,1.1056,6.4041,4.4325,1.9716,31.4357,0.0,0.0,0.0,0,0,0,0,0,0,216.3578338623047,4.0044,1
2026-04-27 00:00:00-04:00,209.4059296471886,216.5775789683675,207.13858324348888,216.3578,187172400,0.0,0.0,NVDA,88.7971,190.6153,1.135,7.4706,5.0401,2.4305,30.8029,0.0,0.0,0.0,0,0,0,0,0,0,212.92184448242188,-1.5881,0
2026-04-28 00:00:00-04:00,209.24613572912838,214.4800260296235,207.95762889823203,212.9218,180275400,0.0,0.0,NVDA,81.6664,193.0125,1.1032,7.9469,5.6215,2.3255,31.0256,0.0,0.0,0.0,0,0,0,0,0,0,209.00640869140625,-1.8389,0
2026-04-29 00:00:00-04:00,212.4523894424142,212.47237042757808,207.33835459433345,209.0064,123711800,0.0,0.0,NVDA,74.7558,194.753,1.0732,7.9172,6.0806,1.8366,28.5149,0.0,0.0,0.0,0,0,0,0,0,0,199.33767700195312,-4.626,0
2026-04-30 00:00:00-04:00,209.68560172993963,210.05518135667162,198.46867945247158,199.3377,225239200,0.0,0.0,NVDA,59.7435,195.9426,1.0173,7.0324,6.271,0.7615,34.6827,0.0,0.0,0.0,0,0,0,0,0,0,198.21897888183594,-0.5612,0
2026-05-01 00:00:00-04:00,201.0456862731779,202.76368521944246,196.89052532216473,198.219,128647000,0.0,0.0,NVDA,58.0771,196.9944,1.0062,6.1698,6.2508,-0.0809,34.9315,0.0,0.0,0.0,0,0,0,0,0,0,198.24893188476562,0.0151,1
2026-05-04 00:00:00-04:00,199.26774870200734,201.49514834231712,194.51329562325486,198.2489,125368100,0.0,0.0,NVDA,51.9935,198.0352,1.0011,5.4261,6.0858,-0.6597,34.9555,0.0,0.0,0.0,0,0,0,0,0,0,196.271240234375,-0.9976,0
2026-05-05 00:00:00-04:00,199.06798360144137,200.00689171848026,195.80178617585554,196.2712,113406600,0.0,0.0,NVDA,47.5831,198.9541,0.9865,4.6238,5.7934,-1.1696,35.3901,0.0,0.0,0.0,0,0,0,0,0,0,207.5880584716797,5.7659,1
2026-05-06 00:00:00-04:00,199.65729931010404,208.0275486883452,198.37879062945476,207.5881,188362800,0.0,0.0,NVDA,57.9211,200.2401,1.0367,4.8453,5.6038,-0.7585,39.6299,0.0,0.0,0.0,0,0,0,0,0,0,211.2537841796875,1.7659,1
2026-05-07 00:00:00-04:00,208.0974592073836,213.95063795079753,206.25960488465944,211.2538,168307900,0.0,0.0,NVDA,58.1589,201.618,1.0478,5.256,5.5342,-0.2782,39.801,0.0,0.0,0.0,0,0,0,0,0,0,214.94947814941406,1.7494,1
2026-05-08 00:00:00-04:00,212.7820061205359,217.5464575316693,212.642169707093,214.9495,136421400,0.0,0.0,NVDA,60.3465,202.945,1.0592,5.8127,5.5899,0.2228,39.405,0.0,0.0,0.0,0,0,0,0,0,0,219.18453979492188,1.9703,1
2026-05-11 00:00:00-04:00,213.79081709888328,222.04121091513153,213.64099781886503,219.1845,160685800,0.0,0.0,NVDA,64.9176,204.4497,1.0721,6.5205,5.776,0.7445,39.64,0.0,0.0,0.0,0,0,0,0,0,0,220.52297973632812,0.6106,1
2026-05-12 00:00:00-04:00,218.29558003818886,223.48952345691538,214.6698009927987,220.523,159176600,0.0,0.0,NVDA,64.219,205.6618,1.0723,7.1075,6.0423,1.0651,37.9858,0.0,0.0,0.0,0,0,0,0,0,0,225.56710815429688,2.2873,1
2026-05-13 00:00:00-04:00,224.6681467194947,227.57476278227756,221.3120728008497,225.5671,150405400,0.0,0.0,NVDA,69.7006,207.0082,1.0897,7.8888,6.4116,1.4771,38.4031,0.0,0.0,0.0,0,0,0,0,0,0,235.465576171875,4.3883,1
2026-05-14 00:00:00-04:00,229.58243343997336,236.26463268418732,229.03307065698914,235.4656,180782900,0.0,0.0,NVDA,70.2731,208.8756,1.1273,9.2006,6.9694,2.2312,40.4092,0.0,0.0,0.0,0,0,0,0,0,0,225.05770874023438,-4.4201,0
2026-05-15 00:00:00-04:00,229.49252726355346,231.23050718880455,223.97896415639156,225.0577,180977600,0.0,0.0,NVDA,56.2366,210.0562,1.0714,9.2933,7.4342,1.8591,44.4435,0.0,0.0,0.0,0,0,0,0,0,0,222.0612030029297,-1.3314,0
2026-05-18 00:00:00-04:00,229.60240180074675,229.7322553439391,218.1157890335498,222.0612,146280900,0.0,0.0,NVDA,56.5932,211.068,1.0521,9.0209,7.7515,1.2694,44.9515,0.0,0.0,0.0,0,0,0,0,0,0,220.35317993164062,-0.7692,0
2026-05-19 00:00:00-04:00,219.36432694236115,224.21866983705235,217.6563261548179,220.3532,140948200,0.0,0.0,NVDA,58.4549,212.1033,1.0389,8.5685,7.9149,0.6536,44.8189,0.0,0.0,0.0,0,0,0,0,0,0,223.20985412597656,1.2964,1
2026-05-20 00:00:00-04:00,222.9201831873553,225.8667612103758,220.2433103590018,223.2099,184201600,0.0,0.0,NVDA,69.7979,213.1506,1.0472,8.3443,8.0008,0.3435,44.8156,0.0,0.0,0.0,0,0,0,0,0,0,219.25445556640625,-1.7721,0
2026-05-21 00:00:00-04:00,222.03121805596584,227.13526994336974,217.6762930684293,219.2545,203381800,0.0,0.0,NVDA,66.6614,214.1429,1.0239,7.758,7.9522,-0.1942,45.0402,0.0,0.0,0.0,0,0,0,0,0,0,215.07933044433594,-1.9042,0
2026-05-22 00:00:00-04:00,220.64283833374193,220.75271088945502,214.54994865072538,215.0793,169275700,0.0,0.0,NVDA,62.5093,214.4955,1.0027,6.8772,7.7372,-0.8601,43.451,0.0,0.0,0.0,0,0,0,0,0,0,214.60987854003906,-0.2183,0
2026-05-26 00:00:00-04:00,216.28791550863897,217.92600574795006,211.75320730356688,214.6099,187202600,0.0,0.0,NVDA,63.9429,214.4081,1.0009,6.0712,7.404,-1.3328,41.0703,0.0,0.0,0.0,0,0,0,0,0,0,212.35250854492188,-1.0518,0
2026-05-27 00:00:00-04:00,213.87072806866348,213.90069192498567,208.53694826896,212.3525,167601200,0.0,0.0,NVDA,54.2012,214.3796,0.9905,5.1906,6.9613,-1.7708,40.8403,0.0,0.0,0.0,0,0,0,0,0,0,214.00057983398438,0.7761,1
2026-05-28 00:00:00-04:00,211.03403615445995,215.2691056248748,210.97410844231206,214.0006,143996000,0.0,0.0,NVDA,52.5114,214.6294,0.9971,4.5729,6.4836,-1.9108,40.3149,0.0,0.0,0.0,0,0,0,0,0,0,210.8942108154297,-1.4516,0
2026-05-29 00:00:00-04:00,214.33020874183248,217.6063892667686,210.88422794322287,210.8942,289410600,0.0,0.0,NVDA,46.2519,215.2072,0.98,3.789,5.9447,-2.1557,36.7451,0.0,0.0,0.0,0,0,0,0,0,0,224.09881591796875,6.2612,1
2026-06-01 00:00:00-04:00,215.47885750139108,224.60821672379726,215.44889364463796,224.0988,212850700,0.0,0.0,NVDA,53.8961,216.5012,1.0351,4.1851,5.5928,-1.4077,42.1839,0.0,0.0,0.0,0,0,0,0,0,0,222.56060791015625,-0.6864,0
2026-06-02 00:00:00-04:00,226.91551751623658,232.00958636747916,221.09231801448135,222.5606,193362900,0.0,0.0,NVDA,51.6104,217.7168,1.0222,4.325,5.3392,-1.0142,42.3966,0.0,0.0,0.0,0,0,0,0,0,0,214.5,-3.6218,0
2026-06-03 00:00:00-04:00,221.46188713313538,222.56061267075634,214.2602739078757,214.5,160907000,0.0,0.0,NVDA,41.6516,218.6282,0.9811,3.7423,5.0199,-1.2775,44.6809,0.0,0.0,0.0,0,0,0,0,0,0,218.66000366210938,1.9394,1
2026-06-04 00:00:00-04:00,213.91000366210938,221.60000610351562,210.97000122070312,218.66,169022200,0.25,0.0,NVDA,36.1213,219.1818,0.9976,3.575,4.7309,-1.1559,40.5532,0.0,0.0,0.0,0,0,0,0,0,0,205.10000610351562,-6.2014,0
2026-06-05 00:00:00-04:00,214.52999877929688,214.8699951171875,204.3300018310547,205.1,219655500,0.0,0.0,NVDA,34.3337,218.8741,0.9371,2.3214,4.249,-1.9275,46.1807,0.0,0.0,0.0,0,0,0,0,0,0,208.63999938964844,1.726,1
2026-06-08 00:00:00-04:00,210.17999267578125,210.47000122070312,206.0,208.64,138372800,0.0,0.0,NVDA,39.5538,218.5586,0.9546,1.5953,3.7182,-2.123,46.1683,0.0,0.0,0.0,0,0,0,0,0,0,208.19000244140625,-0.2157,0
2026-06-09 00:00:00-04:00,210.6199951171875,211.39999389648438,199.33999633789062,208.19,180962500,0.0,0.0,NVDA,40.3439,218.0089,0.955,0.9722,3.169,-2.1968,45.5101,0.0,0.0,0.0,0,0,0,0,0,0,200.4199981689453,-3.7322,0
2026-06-10 00:00:00-04:00,204.42999267578125,207.22000122070312,199.9199981689453,200.42,161746600,0.0,0.0,NVDA,33.2169,217.0038,0.9236,-0.1468,2.5059,-2.6527,47.0463,0.0,0.0,0.0,0,0,0,0,0,0,204.8699951171875,2.2203,1
2026-06-11 00:00:00-04:00,201.49000549316406,205.66000366210938,199.5399932861328,204.87,158643200,0.0,0.0,NVDA,39.4835,215.9689,0.9486,-0.6669,1.8713,-2.5382,46.9955,0.0,0.0,0.0,0,0,0,0,0,0,205.19000244140625,0.1562,1
2026-06-12 00:00:00-04:00,204.86000061035156,207.07000732421875,203.44000244140625,205.19,112001800,0.0,0.0,NVDA,42.338,214.4551,0.9568,-1.0412,1.2888,-2.33,43.5017,0.0,0.0,0.0,0,0,0,0,0,0,212.4499969482422,3.5382,1
2026-06-15 00:00:00-04:00,208.9199981689453,212.7100067138672,208.33999633789062,212.45,149936700,0.0,0.0,NVDA,48.4859,213.8247,0.9936,-0.7435,0.8824,-1.6258,43.5262,0.0,0.0,0.0,0,0,0,0,0,0,207.41000366210938,-2.3723,0
2026-06-16 00:00:00-04:00,211.17999267578125,211.49000549316406,207.2899932861328,207.41,125694100,0.0,0.0,NVDA,46.6653,213.0922,0.9733,-0.9038,0.5251,-1.4289,44.0225,0.0,0.0,0.0,0,0,0,0,0,0,204.64999389648438,-1.3307,0
2026-06-17 00:00:00-04:00,208.52999877929688,209.2100067138672,203.0800018310547,204.65,128363500,0.0,0.0,NVDA,43.7845,212.307,0.9639,-1.2393,0.1722,-1.4115,44.1461,0.0,0.0,0.0,0,0,0,0,0,0,210.69000244140625,2.9514,1
2026-06-18 00:00:00-04:00,207.3300018310547,211.38999938964844,206.5,210.69,241272000,0.0,0.0,NVDA,49.8694,211.681,0.9953,-1.0062,-0.0634,-0.9427,45.3309,0.0,0.0,0.0,0,0,0,0,0,0,208.64999389648438,-0.9683,0
2026-06-22 00:00:00-04:00,211.44000244140625,213.99000549316406,207.72000122070312,208.65,122041400,0.0,0.0,NVDA,38.4691,211.1508,0.9882,-0.9748,-0.2457,-0.7291,45.0618,0.0,0.0,0.0,0,0,0,0,0,0,200.0399932861328,-4.1265,0
2026-06-23 00:00:00-04:00,202.1699981689453,203.77000427246094,200.0,200.04,153496200,0.0,0.0,NVDA,34.7958,210.3988,0.9508,-1.626,-0.5218,-1.1042,46.8264,0.0,0.0,0.0,0,0,0,0,0,0,199.0,-0.5199,0
2026-06-24 00:00:00-04:00,200.1199951171875,201.6699981689453,196.5800018310547,199.0,151810700,0.0,0.0,NVDA,38.4397,209.6183,0.9493,-2.2006,-0.8575,-1.343,46.8299,0.0,0.0,0.0,0,0,0,0,0,0,195.74000549316406,-1.6382,0
2026-06-25 00:00:00-04:00,200.0800018310547,200.8000030517578,192.1300048828125,195.74,149550000,0.0,0.0,NVDA,32.6731,208.7877,0.9375,-2.8857,-1.2632,-1.6226,46.9948,0.0,0.0,0.0,0,0,0,0,0,0,192.52999877929688,-1.6399,0
2026-06-26 00:00:00-04:00,193.1199951171875,195.5500030517578,191.22000122070312,192.53,179304100,0.0,0.0,NVDA,38.7345,207.7142,0.9269,-3.6457,-1.7397,-1.906,46.9994,0.0,0.0,0.0,0,0,0,0,0,0,194.97000122070312,1.2673,1
2026-06-29 00:00:00-04:00,193.85000610351562,196.17999267578125,189.8000030517578,194.97,148835700,0.0,0.0,NVDA,37.5023,206.918,0.9423,-4.005,-2.1927,-1.8122,47.2485,0.0,0.0,0.0,0,0,0,0,0,0,200.08999633789062,2.626,1
2026-06-30 00:00:00-04:00,197.24000549316406,200.6300048828125,195.11000061035156,200.09,166476700,0.0,0.0,NVDA,43.1772,205.7175,0.9726,-3.8323,-2.5207,-1.3117,41.9695,0.0,0.0,0.0,0,0,0,0,0,0,197.5800018310547,-1.2544,0
2026-07-01 00:00:00-04:00,196.1999969482422,199.85000610351562,193.4499969482422,197.58,146147600,0.0,0.0,NVDA,47.3752,204.4685,0.9663,-3.8537,-2.7873,-1.0664,42.0457,0.0,0.0,0.0,0,0,0,0,0,0,194.8300018310547,-1.3918,0
2026-07-02 00:00:00-04:00,197.13999938964844,200.05999755859375,192.35000610351562,194.83,142068700,0.0,0.0,NVDA,40.4199,203.485,0.9575,-4.0458,-3.039,-1.0068,40.6125,0.0,0.0,0.0,0,0,0,0,0,0,195.5500030517578,0.3696,1
2026-07-06 00:00:00-04:00,194.4199981689453,197.5500030517578,193.99000549316406,195.55,108999000,0.0,0.0,NVDA,40.8712,202.3295,0.9665,-4.0928,-3.2497,-0.8431,39.7618,0.0,0.0,0.0,0,0,0,0,0,0,196.92999267578125,0.7057,1
2026-07-07 00:00:00-04:00,192.3699951171875,198.41000366210938,191.13999938964844,196.93,124154600,0.0,0.0,NVDA,33.4612,201.921,0.9753,-3.9729,-3.3944,-0.5786,33.7998,0.0,0.0,0.0,0,0,0,0,0,0,204.1199951171875,3.651,1
2026-07-08 00:00:00-04:00,195.17999267578125,205.16000366210938,195.05999755859375,204.12,147419100,0.0,0.0,NVDA,46.6476,201.695,1.012,-3.2601,-3.3675,0.1074,35.8681,0.0,0.0,0.0,0,0,0,0,0,0,202.77999877929688,-0.6565,0
2026-07-09 00:00:00-04:00,204.4600067138672,204.58999633789062,198.9600067138672,202.78,132037400,0.0,0.0,NVDA,48.0378,201.4245,1.0067,-2.7715,-3.2483,0.4769,35.9235,0.0,0.0,0.0,0,0,0,0,0,0,210.9600067138672,4.0339,1
2026-07-10 00:00:00-04:00,202.0,211.0,201.9199981689453,210.96,148421000,0.0,0.0,NVDA,50.2711,201.9515,1.0446,-1.7044,-2.9395,1.2351,36.1064,0.0,0.0,0.0,0,0,0,0,0,0,203.52999877929688,-3.522,0
2026-07-13 00:00:00-04:00,208.5399932861328,210.57000732421875,203.0,203.53,121411000,0.0,0.0,NVDA,45.3606,201.8845,1.0082,-1.4418,-2.64,1.1982,37.7327,0.0,0.0,0.0,0,0,0,0,0,0,211.8000030517578,4.0633,1
2026-07-14 00:00:00-04:00,208.1999969482422,212.5500030517578,203.8000030517578,211.8,124379600,0.0,0.0,NVDA,60.7221,202.215,1.0474,-0.5598,-2.2239,1.6641,40.4093,0.0,0.0,0.0,0,0,0,0,0,0,212.5,0.3305,1
2026-07-15 00:00:00-04:00,211.9600067138672,213.80999755859375,206.0399932861328,212.5,124797200,0.0,0.0,NVDA,62.3853,202.2175,1.0508,0.1934,-1.7405,1.9339,38.4397,0.0,0.0,0.0,0,0,0,0,0,0,207.39999389648438,-2.4,0
2026-07-16 00:00:00-04:00,210.1699981689453,211.0800018310547,205.85000610351562,207.4,122986100,0.0,0.0,NVDA,60.3479,202.217,1.0256,0.3745,-1.3175,1.692,38.4627,0.0,0.0,0.0,0,0,0,0,0,0,202.80999755859375,-2.2131,0
2026-07-17 00:00:00-04:00,202.63999938964844,206.64999389648438,197.97000122070312,202.81,144281900,0.0,0.0,NVDA,58.9051,202.125,1.0034,0.1459,-1.0248,1.1707,38.9998,0.0,0.0,0.0,0,0,0,0,0,0,203.27999877929688,0.2317,1
2026-07-20 00:00:00-04:00,205.8699951171875,207.74000549316406,202.27999877929688,203.28,88701500,0.0,0.0,NVDA,57.4529,201.7545,1.0076,0.0027,-0.8193,0.822,37.4174,0.0,0.0,0.0,0,0,0,0,0,0,207.2899932861328,1.9726,1
2026-07-21 00:00:00-04:00,207.5399932861328,208.64999389648438,204.00999450683594,207.29,108685600,0.0,0.0,NVDA,56.5886,201.6865,1.0278,0.2103,-0.6134,0.8237,38.0185,0.0,0.0,0.0,0,0,0,0,0,0,212.05999755859375,2.3011,1
2026-07-22 00:00:00-04:00,205.80999755859375,214.38999938964844,204.9499969482422,212.06,137645600,0.0,0.0,NVDA,62.7241,202.2875,1.0483,0.7511,-0.3405,1.0916,35.5434,0.0,0.0,0.0,0,0,0,0,0,0,208.75999450683594,-1.5562,0
2026-07-23 00:00:00-04:00,209.4600067138672,210.8699951171875,205.9600067138672,208.76,110505300,0.0,0.0,NVDA,62.1236,202.7755,1.0295,0.903,-0.0918,0.9948,36.0533,0.0,0.0,0.0,0,0,0,0,0,0,206.83999633789062,-0.9197,0
2026-07-24 00:00:00-04:00,207.4499969482422,211.91000366210938,204.80999755859375,206.84,114836800,0.0,0.0,NVDA,59.6249,203.3305,1.0173,0.8586,0.0983,0.7603,35.6383,0.0,0.0,0.0,0,0,0,0,0,0,196.50999450683594,-4.9942,0
2026-07-27 00:00:00-04:00,208.1999969482422,208.75,195.44000244140625,196.51,154353700,0.0,0.0,NVDA,49.6894,203.5295,0.9655,-0.0101,0.0766,-0.0867,39.8053,0.0,0.0,0.0,0,0,0,0,0,0,197.00999450683594,0.2544,1
2026-07-28 00:00:00-04:00,195.0,198.6999969482422,192.74000549316406,197.01,134111500,0.0,0.0,NVDA,44.1635,203.6315,0.9675,-0.6507,-0.0688,-0.5818,39.5839,0.0,0.0,0.0,0,0,0,0,0,0,190.00999450683594,-3.5531,0
2026-07-29 00:00:00-04:00,195.85000610351562,197.07000732421875,190.00999450683594,190.01,147680800,0.0,0.0,NVDA,40.4086,203.1275,0.9354,-1.7035,-0.3958,-1.3077,40.3847,0.0,0.0,0.0,0,0,0,0,0,0,195.0399932861328,2.6472,1
2026-07-30 00:00:00-04:00,193.4499969482422,197.25,191.52000427246094,195.04,129010200,0.0,0.0,NVDA,37.4487,203.0005,0.9608,-2.1077,-0.7382,-1.3696,41.4298,0.0,0.0,0.0,0,0,0,0,0,0,200.75,2.9276,1
2026-07-31 00:00:00-04:00,198.44000244140625,202.0,194.9499969482422,200.75,139961200,0.0,0.0,NVDA,47.7472,203.2965,0.9875,-1.9449,-0.9795,-0.9654,42.3762,0.0,0.0,0.0,0,0,0,0,0,0,206.63999938964844,2.934,1
2026-08-03 00:00:00-04:00,197.69000244140625,208.74000549316406,196.85000610351562,206.64,128406900,0.0,0.0,NVDA,45.6507,203.851,1.0137,-1.3253,-1.0487,-0.2767,43.4884,0.0,0.0,0.0,0,0,0,0,0,0,211.94000244140625,2.5648,1
2026-08-04 00:00:00-04:00,211.3000030517578,213.05999755859375,209.0500030517578,211.94,134922000,0.0,0.0,NVDA,49.562,204.6015,1.0359,-0.402,-0.9193,0.5173,44.2065,0.0,0.0,0.0,0,0,0,0,0,0,219.22000122070312,3.4349,1
2026-08-05 00:00:00-04:00,216.86000061035156,222.22000122070312,216.39999389648438,219.22,158187400,0.0,0.0,NVDA,58.941,205.3565,1.0675,0.9067,-0.5541,1.4609,44.0022,0.0,0.0,0.0,0,0,0,0,0,0,218.99000549316406,-0.1049,0
2026-02-09 00:00:00-05:00,409.9100036621094,421.25,407.2900085449219,417.32,54484300,0.0,0.0,TSLA,50.0,409.557,1.019,0.0,0.0,0.0,0.0,0.0,0.0,0.0,0,0,0,0,0,0,425.2099914550781,1.8906,1
2026-02-10 00:00:00-05:00,418.0799865722656,427.25,417.0,425.21,64450200,0.0,0.0,TSLA,50.0,409.557,1.0382,0.6294,0.1259,0.5035,0.0,0.0,0.0,0.0,0,0,0,0,0,0,428.2699890136719,0.7196,1
2026-02-11 00:00:00-05:00,427.9599914550781,436.3500061035156,420.0299987792969,428.27,57362000,0.0,0.0,TSLA,50.0,409.557,1.0457,1.3595,0.3726,0.9869,0.0,0.0,0.0,0.0,0,0,0,0,0,0,417.07000732421875,-2.6152,0
2026-02-12 00:00:00-05:00,430.29998779296875,436.2300109863281,414.0,417.07,61933400,0.0,0.0,TSLA,50.0,409.557,1.0183,1.0225,0.5026,0.5199,0.0,0.0,0.0,0.0,0,0,0,0,0,0,417.44000244140625,0.0887,1
2026-02-13 00:00:00-05:00,414.30999755859375,424.05999755859375,410.8800048828125,417.44,51434100,0.0,0.0,TSLA,50.0,409.557,1.0192,0.7763,0.5573,0.219,0.0,0.0,0.0,0.0,0,0,0,0,0,0,410.6300048828125,-1.6314,0
2026-02-17 00:00:00-05:00,412.3599853515625,413.7200012207031,400.510009765625,410.63,59678800,0.0,0.0,TSLA,50.0,409.557,1.0026,0.0314,0.4521,-0.4207,0.0,0.0,0.0,0.0,0,0,0,0,0,0,411.32000732421875,0.168,1
2026-02-18 00:00:00-05:00,411.1099853515625,416.8999938964844,409.5799865722656,411.32,45921400,0.0,0.0,TSLA,50.0,409.557,1.0043,-0.4975,0.2622,-0.7598,0.0,0.0,0.0,0.0,0,0,0,0,0,0,411.7099914550781,0.0948,1
2026-02-19 00:00:00-05:00,407.25,415.25,404.1099853515625,411.71,51019600,0.0,0.0,TSLA,50.0,409.557,1.0053,-0.8752,0.0347,-0.9099,0.0,0.0,0.0,0.0,0,0,0,0,0,0,411.82000732421875,0.0267,1
2026-02-20 00:00:00-05:00,408.29998779296875,414.70001220703125,405.5,411.82,57912200,0.0,0.0,TSLA,50.0,409.557,1.0055,-1.1523,-0.2027,-0.9496,0.0,0.0,0.0,0.0,0,0,0,0,0,0,399.8299865722656,-2.9115,0
2026-02-23 00:00:00-05:00,407.2900085449219,407.70001220703125,394.0400085449219,399.83,69680000,0.0,0.0,TSLA,50.0,409.557,0.9762,-2.3128,-0.6247,-1.6881,0.0,0.0,0.0,0.0,0,0,0,0,0,0,409.3800048828125,2.3885,1
2026-02-24 00:00:00-05:00,399.5,410.82000732421875,397.6400146484375,409.38,58579500,0.0,0.0,TSLA,50.0,409.557,0.9996,-2.4338,-0.9865,-1.4473,0.0,0.0,0.0,0.0,0,0,0,0,0,0,417.3999938964844,1.9591,1
2026-02-25 00:00:00-05:00,412.1499938964844,420.3399963378906,412.1499938964844,417.4,54809700,0.0,0.0,TSLA,50.0,409.557,1.0191,-1.8611,-1.1614,-0.6997,0.0,0.0,0.0,0.0,0,0,0,0,0,0,408.5799865722656,-2.1131,0
2026-02-26 00:00:00-05:00,414.4200134277344,416.80999755859375,403.6600036621094,408.58,53602500,0.0,0.0,TSLA,50.0,409.557,0.9976,-2.0948,-1.3481,-0.7467,0.0,0.0,0.0,0.0,0,0,0,0,0,0,402.510009765625,-1.4856,0
2026-02-27 00:00:00-05:00,402.94000244140625,407.1199951171875,398.1099853515625,402.51,56890100,0.0,0.0,TSLA,40.1227,409.557,0.9828,-2.7382,-1.6261,-1.1121,0.0,0.0,0.0,0.0,0,0,0,0,0,0,403.32000732421875,0.2012,1
2026-03-02 00:00:00-05:00,390.6000061035156,404.5400085449219,388.25,403.32,55088300,0.0,0.0,TSLA,40.7627,409.557,0.9848,-3.1465,-1.9302,-1.2163,0.0,0.0,0.0,0.0,0,0,0,0,0,0,392.42999267578125,-2.7001,0
2026-03-03 00:00:00-05:00,395.0899963378906,396.3399963378906,385.3900146484375,392.43,62617300,0.0,0.0,TSLA,29.1952,409.557,0.9582,-4.2992,-2.404,-1.8952,0.0,0.0,0.0,0.0,0,0,0,0,0,0,405.94000244140625,3.4427,1
2026-03-04 00:00:00-05:00,397.8500061035156,408.3299865722656,394.5799865722656,405.94,68305500,0.0,0.0,TSLA,37.4874,409.557,0.9912,-4.0757,-2.7383,-1.3373,0.0,0.0,0.0,0.0,0,0,0,0,0,0,405.54998779296875,-0.0961,0
2026-03-05 00:00:00-05:00,401.57000732421875,408.6199951171875,399.4200134277344,405.55,51925900,0.0,0.0,TSLA,42.6549,409.557,0.9902,-3.8852,-2.9677,-0.9175,0.0,0.0,0.0,0.0,0,0,0,0,0,0,396.7300109863281,-2.1748,0
2026-03-06 00:00:00-05:00,398.0899963378906,402.3500061035156,394.2099914550781,396.73,64054600,0.0,0.0,TSLA,38.0799,409.557,0.9687,-4.3953,-3.2532,-1.142,0.0,0.0,0.0,0.0,0,0,0,0,0,0,398.67999267578125,0.4915,1
2026-03-09 00:00:00-04:00,390.04998779296875,401.5899963378906,381.3999938964844,398.68,67018900,0.0,0.0,TSLA,42.7143,409.557,0.9734,-4.5892,-3.5204,-1.0688,0.0,0.0,0.0,0.0,0,0,0,0,0,0,399.239990234375,0.1405,1
2026-03-10 00:00:00-04:00,402.2200012207031,406.5899963378906,398.19000244140625,399.24,59258700,0.0,0.0,TSLA,42.6233,408.653,0.977,-4.6442,-3.7452,-0.8991,28.5989,0.0,0.0,0.0,0,0,0,0,0,0,407.82000732421875,2.1491,1
2026-03-11 00:00:00-04:00,402.2799987792969,416.3800048828125,402.1499938964844,407.82,62559900,0.0,0.0,TSLA,47.8406,407.7835,1.0001,-3.95,-3.7861,-0.1638,28.8637,0.0,0.0,0.0,0,0,0,0,0,0,395.010009765625,-3.1411,0
2026-03-12 00:00:00-04:00,405.17999267578125,406.5,394.6499938964844,395.01,60973800,0.0,0.0,TSLA,41.8215,406.1205,0.9726,-4.3829,-3.9055,-0.4774,30.4543,0.0,0.0,0.0,0,0,0,0,0,0,391.20001220703125,-0.9645,0
2026-03-13 00:00:00-04:00,399.1700134277344,400.20001220703125,389.95001220703125,391.2,58504100,0.0,0.0,TSLA,45.4382,404.827,0.9663,-4.9761,-4.1196,-0.8565,29.3971,0.0,0.0,0.0,0,0,0,0,0,0,395.55999755859375,1.1145,1
2026-03-16 00:00:00-04:00,396.2200012207031,403.7300109863281,394.4200134277344,395.56,58068300,0.0,0.0,TSLA,42.2707,403.733,0.9798,-5.0363,-4.3029,-0.7333,29.8012,0.0,0.0,0.0,0,0,0,0,0,0,399.2699890136719,0.9379,1
2026-03-17 00:00:00-04:00,395.69000244140625,400.1199951171875,393.0,399.27,46890500,0.0,0.0,TSLA,39.3466,403.165,0.9903,-4.7301,-4.3884,-0.3417,29.619,0.0,0.0,0.0,0,0,0,0,0,0,392.7799987792969,-1.6255,0
2026-03-18 00:00:00-04:00,399.0,403.07000732421875,392.30999755859375,392.78,50853100,0.0,0.0,TSLA,40.4543,402.238,0.9765,-4.954,-4.5015,-0.4525,30.0656,0.0,0.0,0.0,0,0,0,0,0,0,380.29998779296875,-3.1774,0
2026-03-19 00:00:00-04:00,387.2699890136719,387.2699890136719,378.7300109863281,380.3,67078300,0.0,0.0,TSLA,37.5462,400.6675,0.9492,-6.0686,-4.8149,-1.2537,31.8136,0.0,0.0,0.0,0,0,0,0,0,0,367.9599914550781,-3.2448,0
2026-03-20 00:00:00-04:00,379.8500061035156,379.8900146484375,364.4599914550781,367.96,78628600,0.0,0.0,TSLA,32.4429,398.4745,0.9234,-7.8571,-5.4234,-2.4337,33.3457,0.0,0.0,0.0,0,0,0,0,0,0,380.8500061035156,3.5031,1
2026-03-23 00:00:00-04:00,373.0899963378906,385.3299865722656,372.7300109863281,380.85,74606000,0.0,0.0,TSLA,44.3622,397.5255,0.9581,-8.1405,-5.9668,-2.1737,35.0278,0.0,0.0,0.0,0,0,0,0,0,0,383.0299987792969,0.5724,1
2026-03-24 00:00:00-04:00,376.55999755859375,387.4800109863281,376.30999755859375,383.03,60004900,0.0,0.0,TSLA,37.4631,396.208,0.9667,-8.0958,-6.3926,-1.7032,33.8061,0.0,0.0,0.0,0,0,0,0,0,0,385.95001220703125,0.7623,1
2026-03-25 00:00:00-04:00,389.989990234375,396.2300109863281,385.010009765625,385.95,55157300,0.0,0.0,TSLA,39.5634,394.6355,0.978,-7.7357,-6.6612,-1.0745,32.9977,0.0,0.0,0.0,0,0,0,0,0,0,372.1099853515625,-3.586,0
2026-03-26 00:00:00-04:00,381.6000061035156,384.44000244140625,371.8699951171875,372.11,55522900,0.0,0.0,TSLA,37.5556,392.812,0.9473,-8.4694,-7.0228,-1.4465,34.4133,0.0,0.0,0.0,0,0,0,0,0,0,361.8299865722656,-2.7626,0
2026-03-27 00:00:00-04:00,369.69000244140625,369.8599853515625,359.4700012207031,361.83,62065700,0.0,0.0,TSLA,32.8205,390.778,0.9259,-9.7678,-7.5718,-2.1959,35.2151,0.0,0.0,0.0,0,0,0,0,0,0,355.2799987792969,-1.8102,0
2026-03-30 00:00:00-04:00,365.8599853515625,367.2900085449219,352.1400146484375,355.28,67954400,0.0,0.0,TSLA,30.5899,388.376,0.9148,-11.1962,-8.2967,-2.8995,35.4012,0.0,0.0,0.0,0,0,0,0,0,0,371.75,4.6358,1
2026-03-31 00:00:00-04:00,361.510009765625,373.3299865722656,361.0,371.75,75534900,0.0,0.0,TSLA,35.111,387.342,0.9597,-10.8739,-8.8122,-2.0618,39.0422,0.0,0.0,0.0,0,0,0,0,0,0,381.260009765625,2.5582,1
2026-04-01 00:00:00-04:00,378.6300048828125,383.1400146484375,374.0799865722656,381.26,58683800,0.0,0.0,TSLA,44.1653,386.108,0.9874,-9.7389,-8.9975,-0.7414,38.0488,0.0,0.0,0.0,0,0,0,0,0,0,360.5899963378906,-5.4215,0
2026-04-02 00:00:00-04:00,364.20001220703125,370.2799987792969,359.0299987792969,360.59,83031200,0.0,0.0,TSLA,38.6369,383.86,0.9394,-10.3875,-9.2755,-1.112,42.1691,0.0,0.0,0.0,0,0,0,0,0,0,352.82000732421875,-2.1548,0
2026-04-06 00:00:00-04:00,362.5899963378906,367.7200012207031,346.6400146484375,352.82,77697600,0.0,0.0,TSLA,34.5257,381.6645,0.9244,-11.3971,-9.6998,-1.6973,42.159,0.0,0.0,0.0,0,0,0,0,0,0,346.6499938964844,-1.7488,0
2026-04-07 00:00:00-04:00,346.44000244140625,348.0199890136719,337.239990234375,346.65,74515400,0.0,0.0,TSLA,31.282,379.063,0.9145,-12.5505,-10.27,-2.2805,42.1741,0.0,0.0,0.0,0,0,0,0,0,0,343.25,-0.9808,0
2026-04-08 00:00:00-04:00,363.7900085449219,364.5,339.6700134277344,343.25,78838600,0.0,0.0,TSLA,31.9852,376.2635,0.9123,-13.5823,-10.9324,-2.6499,42.0784,0.0,0.0,0.0,0,0,0,0,0,0,345.6199951171875,0.6905,1
2026-04-09 00:00:00-04:00,343.1499938964844,348.8800048828125,337.25,345.62,62164000,0.0,0.0,TSLA,36.3851,373.1535,0.9262,-14.0468,-11.5553,-2.4915,41.0661,0.0,0.0,0.0,0,0,0,0,0,0,348.95001220703125,0.9635,1
2026-04-10 00:00:00-04:00,346.2900085449219,350.3599853515625,342.739990234375,348.95,51336000,0.0,0.0,TSLA,41.9688,370.8505,0.9409,-13.9851,-12.0413,-1.9438,40.5333,0.0,0.0,0.0,0,0,0,0,0,0,352.4200134277344,0.9944,1
2026-04-13 00:00:00-04:00,350.07000732421875,356.3500061035156,348.57000732421875,352.42,53617500,0.0,0.0,TSLA,36.9503,368.9115,0.9553,-13.5005,-12.3331,-1.1674,40.8862,0.0,0.0,0.0,0,0,0,0,0,0,364.20001220703125,3.3426,1
2026-04-14 00:00:00-04:00,357.6700134277344,367.6300048828125,354.7699890136719,364.2,59979600,0.0,0.0,TSLA,42.0569,367.3435,0.9914,-12.0273,-12.2719,0.2447,42.7669,0.0,0.0,0.0,0,0,0,0,0,0,391.95001220703125,7.6194,1
2026-04-15 00:00:00-04:00,366.8299865722656,394.6499938964844,362.5,391.95,113810400,0.0,0.0,TSLA,52.0926,366.9775,1.068,-8.5223,-11.522,2.9997,51.2314,0.0,0.0,0.0,0,0,0,0,0,0,388.8999938964844,-0.7782,0
2026-04-16 00:00:00-04:00,393.80999755859375,394.05999755859375,381.79998779296875,388.9,63515100,0.0,0.0,TSLA,56.3325,366.7835,1.0603,-5.9225,-10.4021,4.4796,50.972,0.0,0.0,0.0,0,0,0,0,0,0,400.6199951171875,3.0136,1
2026-04-17 00:00:00-04:00,395.9200134277344,409.2799987792969,391.6499938964844,400.62,90640000,0.0,0.0,TSLA,64.4728,367.7995,1.0892,-2.8831,-8.8983,6.0152,50.5912,0.0,0.0,0.0,0,0,0,0,0,0,392.5,-2.0269,0
2026-04-20 00:00:00-04:00,402.5799865722656,406.79998779296875,388.3299865722656,392.5,64603900,0.0,0.0,TSLA,63.7262,369.0265,1.0636,-1.1167,-7.342,6.2253,49.6323,0.0,0.0,0.0,0,0,0,0,0,0,386.4200134277344,-1.549,0
2026-04-21 00:00:00-04:00,393.0,393.95001220703125,385.2200012207031,386.42,50530600,0.0,0.0,TSLA,55.8591,369.305,1.0463,-0.2051,-5.9146,5.7095,48.6312,0.0,0.0,0.0,0,0,0,0,0,0,387.510009765625,0.2821,1
2026-04-22 00:00:00-04:00,387.57000732421875,393.010009765625,385.29998779296875,387.51,62362800,0.0,0.0,TSLA,52.6762,369.529,1.0487,0.5984,-4.612,5.2104,48.6061,0.0,0.0,0.0,0,0,0,0,0,0,373.7200012207031,-3.5586,0
2026-04-23 00:00:00-04:00,375.2799987792969,386.0,368.3900146484375,373.72,93969500,0.0,0.0,TSLA,55.9742,368.9175,1.013,0.1211,-3.6654,3.7865,50.2209,0.0,0.0,0.0,0,0,0,0,0,0,376.29998779296875,0.6904,1
2026-04-24 00:00:00-04:00,373.5,382.760009765625,370.7300109863281,376.3,62893300,0.0,0.0,TSLA,61.213,369.127,1.0194,-0.0485,-2.942,2.8935,48.5664,0.0,0.0,0.0,0,0,0,0,0,0,378.6700134277344,0.6298,1
2026-04-27 00:00:00-04:00,372.0899963378906,380.7799987792969,364.0199890136719,378.67,66735800,0.0,0.0,TSLA,65.8672,369.969,1.0235,0.0083,-2.3519,2.3602,47.393,0.0,0.0,0.0,0,0,0,0,0,0,376.0199890136719,-0.6998,0
2026-04-28 00:00:00-04:00,374.67999267578125,382.2900085449219,372.5400085449219,376.02,50864400,0.0,0.0,TSLA,66.3604,371.006,1.0135,-0.1587,-1.9133,1.7546,46.9082,0.0,0.0,0.0,0,0,0,0,0,0,372.79998779296875,-0.8563,0
2026-04-29 00:00:00-04:00,375.3999938964844,376.3999938964844,370.0400085449219,372.8,45384800,0.0,0.0,TSLA,63.4554,371.0585,1.0047,-0.5446,-1.6396,1.0949,44.1863,0.0,0.0,0.0,0,0,0,0,0,0,381.6300048828125,2.3686,1
2026-04-30 00:00:00-04:00,372.75,384.75,368.1700134277344,381.63,51076000,0.0,0.0,TSLA,65.3427,371.077,1.0284,-0.1364,-1.3389,1.2026,44.0485,0.0,0.0,0.0,0,0,0,0,0,0,390.82000732421875,2.4081,1
2026-05-01 00:00:00-04:00,382.489990234375,397.82000732421875,378.79998779296875,390.82,65338300,0.0,0.0,TSLA,67.1092,372.5885,1.0489,0.9181,-0.8875,1.8057,39.7262,0.0,0.0,0.0,0,0,0,0,0,0,392.510009765625,0.4324,1
2026-05-04 00:00:00-04:00,390.2300109863281,394.6400146484375,384.79998779296875,392.51,48765100,0.0,0.0,TSLA,63.8598,374.573,1.0479,1.8687,-0.3363,2.205,38.535,0.0,0.0,0.0,0,0,0,0,0,0,389.3699951171875,-0.8,0
2026-05-05 00:00:00-04:00,395.19000244140625,402.1199951171875,389.0,389.37,47780600,0.0,0.0,TSLA,48.3359,376.709,1.0336,2.3416,0.1993,2.1423,37.9228,0.0,0.0,0.0,0,0,0,0,0,0,398.7300109863281,2.4039,1
2026-05-06 00:00:00-04:00,386.25,401.67999267578125,384.0199890136719,398.73,53465400,0.0,0.0,TSLA,55.8631,379.483,1.0507,3.4321,0.8459,2.5863,37.9436,0.0,0.0,0.0,0,0,0,0,0,0,411.7900085449219,3.2754,1
2026-05-07 00:00:00-04:00,407.4800109863281,415.8299865722656,402.1199951171875,411.79,64294200,0.0,0.0,TSLA,56.5575,382.7915,1.0758,5.2892,1.7345,3.5547,38.9599,0.0,0.0,0.0,0,0,0,0,0,0,428.3500061035156,4.0215,1
2026-05-08 00:00:00-04:00,416.4800109863281,431.20001220703125,416.3900146484375,428.35,65050000,0.0,0.0,TSLA,69.1486,386.7615,1.1075,8.005,2.9886,5.0164,40.4996,0.0,0.0,0.0,0,0,0,0,0,0,445.0,3.887,1
2026-05-11 00:00:00-04:00,422.1600036621094,449.1600036621094,416.79998779296875,445.0,78376100,0.0,0.0,TSLA,78.1148,391.3905,1.137,11.3697,4.6648,6.7048,41.72,0.0,0.0,0.0,0,0,0,0,0,0,433.45001220703125,-2.5955,0
2026-05-12 00:00:00-04:00,441.4100036621094,447.79998779296875,422.260009765625,433.45,60569300,0.0,0.0,TSLA,70.0366,394.853,1.0978,12.9549,6.3229,6.6321,42.9906,0.0,0.0,0.0,0,0,0,0,0,0,445.2699890136719,2.727,1
2026-05-13 00:00:00-04:00,436.6700134277344,453.3999938964844,430.2099914550781,445.27,68283200,0.0,0.0,TSLA,81.752,397.519,1.1201,14.9922,8.0567,6.9355,35.7608,0.0,0.0,0.0,0,0,0,0,0,0,443.29998779296875,-0.4424,0
2026-05-14 00:00:00-04:00,446.489990234375,451.9800109863281,441.1600036621094,443.3,46070400,0.0,0.0,TSLA,79.8947,400.239,1.1076,16.2603,9.6974,6.5629,35.6007,0.0,0.0,0.0,0,0,0,0,0,0,422.239990234375,-4.7507,0
2026-05-15 00:00:00-04:00,433.9800109863281,434.6600036621094,422.0,422.24,52688700,0.0,0.0,TSLA,66.6616,401.32,1.0521,15.3886,10.8357,4.5529,39.3254,0.0,0.0,0.0,0,0,0,0,0,0,409.989990234375,-2.9012,0
2026-05-18 00:00:00-04:00,419.2699890136719,421.1300048828125,405.3299865722656,409.99,52474200,0.0,0.0,TSLA,62.1019,402.1945,1.0194,13.553,11.3791,2.1739,40.1237,0.0,0.0,0.0,0,0,0,0,0,0,404.1099853515625,-1.4342,0
2026-05-19 00:00:00-04:00,403.1600036621094,405.6300048828125,393.6300048828125,404.11,46500600,0.0,0.0,TSLA,60.9468,403.079,1.0026,11.4914,11.4016,0.0898,40.0574,0.0,0.0,0.0,0,0,0,0,0,0,417.260009765625,3.2541,1
2026-05-20 00:00:00-04:00,407.6000061035156,417.4599914550781,406.3900146484375,417.26,45294700,0.0,0.0,TSLA,62.0919,404.5665,1.0314,10.7942,11.2801,-0.4859,41.4497,0.0,0.0,0.0,0,0,0,0,0,0,417.8500061035156,0.1414,1
2026-05-21 00:00:00-04:00,422.17999267578125,426.95001220703125,412.8999938964844,417.85,42636900,0.0,0.0,TSLA,59.7419,406.773,1.0272,10.172,11.0585,-0.8865,38.7524,0.0,0.0,0.0,0,0,0,0,0,0,426.010009765625,1.9529,1
2026-05-22 00:00:00-04:00,422.6700134277344,431.510009765625,420.510009765625,426.01,46104700,0.0,0.0,TSLA,61.5358,409.2585,1.0409,10.2196,10.8907,-0.6711,39.0546,0.0,0.0,0.0,0,0,0,0,0,0,433.5899963378906,1.7793,1
2026-05-26 00:00:00-04:00,430.260009765625,435.20001220703125,426.1199951171875,433.59,45658900,0.0,0.0,TSLA,64.7755,412.0045,1.0524,10.745,10.8616,-0.1165,39.2589,0.0,0.0,0.0,0,0,0,0,0,0,440.3599853515625,1.5614,1
2026-05-27 00:00:00-04:00,442.8900146484375,445.6000061035156,435.5199890136719,440.36,44656500,0.0,0.0,TSLA,64.155,415.2215,1.0605,11.5743,11.0041,0.5702,39.0027,0.0,0.0,0.0,0,0,0,0,0,0,442.1000061035156,0.3951,1
2026-05-28 00:00:00-04:00,437.6199951171875,443.9599914550781,436.29998779296875,442.1,32435000,0.0,0.0,TSLA,61.1655,418.6865,1.0559,12.231,11.2495,0.9815,38.5388,0.0,0.0,0.0,0,0,0,0,0,0,435.7900085449219,-1.4273,0
2026-05-29 00:00:00-04:00,439.8500061035156,441.07000732421875,428.1400146484375,435.79,45176800,0.0,0.0,TSLA,52.9646,421.3945,1.0342,12.1027,11.4201,0.6826,38.9529,0.0,0.0,0.0,0,0,0,0,0,0,415.8800048828125,-4.5687,0
2026-06-01 00:00:00-04:00,427.489990234375,429.6000061035156,415.42999267578125,415.88,44937900,0.0,0.0,TSLA,38.6904,422.6475,0.984,10.276,11.1913,-0.9153,42.5851,0.0,0.0,0.0,0,0,0,0,0,0,423.739990234375,1.89,1
2026-06-02 00:00:00-04:00,418.2200012207031,424.4200134277344,413.6499938964844,423.74,37596000,0.0,0.0,TSLA,46.1175,424.209,0.9989,9.3547,10.824,-1.4693,42.9373,0.0,0.0,0.0,0,0,0,0,0,0,423.70001220703125,-0.0094,0
2026-06-03 00:00:00-04:00,418.70001220703125,433.6000061035156,416.0,423.7,44500700,0.0,0.0,TSLA,40.4785,425.9255,0.9948,8.5231,10.3638,-1.8407,42.731,0.0,0.0,0.0,0,0,0,0,0,0,418.45001220703125,-1.2391,0
2026-06-04 00:00:00-04:00,419.8399963378906,426.3500061035156,417.1600036621094,418.45,35323300,0.0,0.0,TSLA,39.3393,426.9115,0.9802,7.3557,9.7622,-2.4065,42.4866,0.0,0.0,0.0,0,0,0,0,0,0,391.0,-6.5599,0
2026-06-05 00:00:00-04:00,420.5,424.67999267578125,388.5899963378906,391.0,63420200,0.0,0.0,TSLA,37.2946,425.872,0.9181,4.1674,8.6432,-4.4758,47.3432,0.0,0.0,0.0,0,0,0,0,0,0,408.95001220703125,4.5908,1
2026-06-08 00:00:00-04:00,396.3299865722656,412.94000244140625,394.7200012207031,408.95,50328800,0.0,0.0,TSLA,49.5958,424.902,0.9625,3.0539,7.5254,-4.4714,48.0568,0.0,0.0,0.0,0,0,0,0,0,0,396.67999267578125,-3.0004,0
2026-06-09 00:00:00-04:00,411.0299987792969,418.5,384.239990234375,396.68,59940200,0.0,0.0,TSLA,47.2488,422.486,0.9389,1.1679,6.2539,-5.086,46.5055,0.0,0.0,0.0,0,0,0,0,0,0,381.5899963378906,-3.8041,0
2026-06-10 00:00:00-04:00,391.5400085449219,397.0899963378906,380.1499938964844,381.59,49695600,0.0,0.0,TSLA,36.9789,419.893,0.9088,-1.5268,4.6978,-6.2245,47.4059,0.0,0.0,0.0,0,0,0,0,0,0,399.1499938964844,4.6018,1
2026-06-11 00:00:00-04:00,388.2799987792969,399.5400085449219,380.6600036621094,399.15,45324300,0.0,0.0,TSLA,43.9262,417.587,0.9558,-2.2198,3.3142,-5.5341,49.565,0.0,0.0,0.0,0,0,0,0,0,0,406.42999267578125,1.8239,1
2026-06-12 00:00:00-04:00,399.489990234375,406.67999267578125,386.760009765625,406.43,63514500,0.0,0.0,TSLA,43.6038,415.7435,0.9776,-2.1568,2.22,-4.3768,50.2471,0.0,0.0,0.0,0,0,0,0,0,0,411.1499938964844,1.1613,1
2026-06-15 00:00:00-04:00,412.3699951171875,416.0,407.1000061035156,411.15,45620500,0.0,0.0,TSLA,42.53,415.189,0.9903,-1.7063,1.4348,-3.141,47.7551,0.0,0.0,0.0,0,0,0,0,0,0,404.6600036621094,-1.5785,0
2026-06-16 00:00:00-04:00,404.1099853515625,412.4200134277344,400.5400085449219,404.66,40255500,0.0,0.0,TSLA,38.0937,414.9225,0.9753,-1.8516,0.7775,-2.6291,46.9462,0.0,0.0,0.0,0,0,0,0,0,0,396.3800048828125,-2.0462,0
2026-06-17 00:00:00-04:00,401.5299987792969,405.94000244140625,393.760009765625,396.38,43534300,0.0,0.0,TSLA,35.3892,414.536,0.9562,-2.6048,0.101,-2.7059,47.2395,0.0,0.0,0.0,0,0,0,0,0,0,400.489990234375,1.0369,1
2026-06-18 00:00:00-04:00,398.1000061035156,402.5199890136719,384.70001220703125,400.49,58384700,0.0,0.0,TSLA,38.5583,413.6975,0.9681,-2.8375,-0.4867,-2.3508,45.8142,0.0,0.0,0.0,0,0,0,0,0,0,405.04998779296875,1.1386,1
2026-06-22 00:00:00-04:00,394.8500061035156,414.75,394.3999938964844,405.05,47819500,0.0,0.0,TSLA,46.1018,413.0575,0.9806,-2.6236,-0.9141,-1.7096,46.0389,0.0,0.0,0.0,0,0,0,0,0,0,381.6099853515625,-5.7869,0
2026-06-23 00:00:00-04:00,392.6099853515625,392.8699951171875,379.05999755859375,381.61,50420200,0.0,0.0,TSLA,36.3648,410.8375,0.9289,-4.296,-1.5905,-2.7056,49.4955,0.0,0.0,0.0,0,0,0,0,0,0,375.5299987792969,-1.5932,0
2026-06-24 00:00:00-04:00,380.0799865722656,384.5799865722656,373.04998779296875,375.53,37081400,0.0,0.0,TSLA,34.9966,407.9345,0.9206,-6.0424,-2.4808,-3.5615,48.8777,0.0,0.0,0.0,0,0,0,0,0,0,375.1199951171875,-0.1092,0
2026-06-25 00:00:00-04:00,375.2699890136719,379.1199951171875,371.2200012207031,375.12,30138800,0.0,0.0,TSLA,36.0845,404.6725,0.927,-7.3745,-3.4596,-3.9149,48.2211,0.0,0.0,0.0,0,0,0,0,0,0,379.7099914550781,1.2236,1
2026-06-26 00:00:00-04:00,370.1499938964844,387.79998779296875,368.6000061035156,379.71,53434100,0.0,0.0,TSLA,45.7502,401.553,0.9456,-7.9679,-4.3612,-3.6067,48.5715,0.0,0.0,0.0,0,0,0,0,0,0,411.8399963378906,8.4617,1
2026-06-29 00:00:00-04:00,381.7900085449219,413.2699890136719,379.29998779296875,411.84,57645800,0.0,0.0,TSLA,50.9829,400.3555,1.0287,-5.779,-4.6448,-1.1342,58.3434,0.0,0.0,0.0,0,0,0,0,0,0,420.6000061035156,2.127,1
2026-06-30 00:00:00-04:00,406.0,424.5400085449219,406.0,420.6,43385600,0.0,0.0,TSLA,58.3345,400.5915,1.0499,-3.2994,-4.3757,1.0763,56.5346,0.0,0.0,0.0,0,0,0,0,0,0,425.29998779296875,1.1174,1
2026-07-01 00:00:00-04:00,421.4599914550781,432.8599853515625,418.0899963378906,425.3,40127900,0.0,0.0,TSLA,66.4188,400.6695,1.0615,-0.9441,-3.6894,2.7453,56.2791,0.0,0.0,0.0,0,0,0,0,0,0,393.45001220703125,-7.4888,0
2026-07-02 00:00:00-04:00,428.010009765625,432.3500061035156,389.29998779296875,393.45,73717700,0.0,0.0,TSLA,48.0665,399.157,0.9857,-1.6288,-3.2773,1.6485,62.3659,0.0,0.0,0.0,0,0,0,0,0,0,419.7699890136719,6.6895,1
2026-07-06 00:00:00-04:00,397.5,420.0,390.5,419.77,54727900,0.0,0.0,TSLA,54.0075,399.223,1.0515,-0.0471,-2.6312,2.5842,66.9572,0.0,0.0,0.0,0,0,0,0,0,0,402.8999938964844,-4.0189,0
2026-07-07 00:00:00-04:00,416.9599914550781,419.55999755859375,401.8800048828125,402.9,38149900,0.0,0.0,TSLA,47.6902,399.818,1.0077,-0.153,-2.1356,1.9825,64.1537,0.0,0.0,0.0,0,0,0,0,0,0,394.05999755859375,-2.1941,0
2026-07-08 00:00:00-04:00,399.3800048828125,399.6300048828125,390.510009765625,394.06,33844900,0.0,0.0,TSLA,47.0708,399.0735,0.9874,-0.9395,-1.8964,0.9569,62.5332,0.0,0.0,0.0,0,0,0,0,0,0,406.54998779296875,3.1696,1
2026-07-09 00:00:00-04:00,393.989990234375,407.8599853515625,390.8599853515625,406.55,37835000,0.0,0.0,TSLA,52.7464,399.567,1.0175,-0.5486,-1.6268,1.0782,62.5885,0.0,0.0,0.0,0,0,0,0,0,0,407.760009765625,0.2976,1
2026-07-10 00:00:00-04:00,410.489990234375,413.1600036621094,402.80999755859375,407.76,33410000,0.0,0.0,TSLA,51.9945,400.8755,1.0172,-0.1396,-1.3294,1.1898,60.7785,0.0,0.0,0.0,0,0,0,0,0,0,394.760009765625,-3.1881,0
2026-07-13 00:00:00-04:00,404.6099853515625,405.57000732421875,391.3699951171875,394.76,32809200,0.0,0.0,TSLA,47.3019,400.656,0.9853,-0.8546,-1.2344,0.3798,59.9226,0.0,0.0,0.0,0,0,0,0,0,0,396.17999267578125,0.3597,1
2026-07-14 00:00:00-04:00,399.04998779296875,402.2200012207031,394.760009765625,396.18,23385000,0.0,0.0,TSLA,54.3191,400.1435,0.9901,-1.2918,-1.2459,-0.0459,59.5598,0.0,0.0,0.0,0,0,0,0,0,0,394.4599914550781,-0.4341,0
2026-07-15 00:00:00-04:00,399.3999938964844,406.5899963378906,390.6600036621094,394.46,31549800,0.0,0.0,TSLA,55.7605,399.309,0.9879,-1.7568,-1.3481,-0.4087,59.3945,0.0,0.0,0.0,0,0,0,0,0,0,391.05999755859375,-0.8619,0
2026-07-16 00:00:00-04:00,392.3500061035156,395.30999755859375,385.32000732421875,391.06,29269100,0.0,0.0,TSLA,54.7639,398.629,0.981,-2.3723,-1.5529,-0.8194,59.2187,0.0,0.0,0.0,0,0,0,0,0,0,380.8399963378906,-2.6134,0
2026-07-17 00:00:00-04:00,381.7799987792969,385.69000244140625,377.2200012207031,380.84,31394600,0.0,0.0,TSLA,50.3267,397.852,0.9572,-3.6428,-1.9709,-1.6719,59.4989,0.0,0.0,0.0,0,0,0,0,0,0,369.57000732421875,-2.9592,0
2026-07-20 00:00:00-04:00,386.04998779296875,386.6099853515625,369.42999267578125,369.57,33901500,0.0,0.0,TSLA,36.1018,396.306,0.9325,-5.4957,-2.6758,-2.8198,60.1438,0.0,0.0,0.0,0,0,0,0,0,0,378.92999267578125,2.5327,1
2026-07-21 00:00:00-04:00,371.1700134277344,384.07000732421875,369.9800109863281,378.93,32735300,0.0,0.0,TSLA,36.3529,395.0,0.9593,-6.1381,-3.3683,-2.7698,60.7963,0.0,0.0,0.0,0,0,0,0,0,0,374.010009765625,-1.2984,0
2026-07-22 00:00:00-04:00,375.5299987792969,380.1700134277344,372.8999938964844,374.01,30646100,0.0,0.0,TSLA,33.2265,394.62,0.9478,-6.9639,-4.0874,-2.8765,57.3793,0.0,0.0,0.0,0,0,0,0,0,0,319.69000244140625,-14.5237,0
2026-07-23 00:00:00-04:00,341.0,342.1099853515625,315.739990234375,319.69,115606400,0.0,0.0,TSLA,28.969,391.828,0.8159,-11.8648,-5.6429,-6.2219,77.0205,0.0,0.0,0.0,0,0,0,0,0,0,313.0299987792969,-2.0833,0
2026-07-24 00:00:00-04:00,320.7200012207031,322.9599914550781,306.510009765625,313.03,62760000,0.0,0.0,TSLA,15.7225,388.7235,0.8053,-16.1006,-7.7344,-8.3662,77.1432,0.0,0.0,0.0,0,0,0,0,0,0,309.2200012207031,-1.2171,0
2026-07-27 00:00:00-04:00,313.239990234375,317.0,304.2799987792969,309.22,44919400,0.0,0.0,TSLA,17.1621,385.199,0.8028,-19.5397,-10.0955,-9.4442,76.7863,0.0,0.0,0.0,0,0,0,0,0,0,307.44000244140625,-0.5756,0
2026-07-28 00:00:00-04:00,305.92999267578125,311.1600036621094,300.69000244140625,307.44,39802400,0.0,0.0,TSLA,18.0558,379.979,0.8091,-22.1535,-12.5071,-9.6464,68.4065,0.0,0.0,0.0,0,0,0,0,0,0,298.32000732421875,-2.9664,0
2026-07-29 00:00:00-04:00,307.1400146484375,309.05999755859375,297.3800048828125,298.32,39478000,0.0,0.0,TSLA,9.0689,373.865,0.7979,-24.6763,-14.9409,-9.7354,67.3458,0.0,0.0,0.0,0,0,0,0,0,0,308.8500061035156,3.5298,1
2026-07-30 00:00:00-04:00,302.70001220703125,310.8699951171875,301.3299865722656,308.85,38005400,0.0,0.0,TSLA,15.0569,368.0425,0.8392,-25.5317,-17.0591,-8.4727,69.1627,0.0,0.0,0.0,0,0,0,0,0,0,311.2099914550781,0.7641,1
2026-07-31 00:00:00-04:00,309.69000244140625,315.5,301.9700012207031,311.21,36630600,0.0,0.0,TSLA,18.0839,363.9305,0.8551,-25.7227,-18.7918,-6.9309,65.7944,0.0,0.0,0.0,0,0,0,0,0,0,322.0799865722656,3.4928,1
2026-08-03 00:00:00-04:00,310.9599914550781,324.6499938964844,310.42999267578125,322.08,38281400,0.0,0.0,TSLA,23.5998,359.046,0.897,-24.7121,-19.9759,-4.7362,61.635,0.0,0.0,0.0,0,0,0,0,0,0,327.3500061035156,1.6362,1
2026-08-04 00:00:00-04:00,324.0,329.57000732421875,320.7900085449219,327.35,33318300,0.0,0.0,TSLA,26.6801,355.2685,0.9214,-23.2182,-20.6243,-2.5939,61.5213,0.0,0.0,0.0,0,0,0,0,0,0,321.54998779296875,-1.7718,0
2026-08-05 00:00:00-04:00,323.4200134277344,327.1400146484375,320.2799987792969,321.55,27820800,0.0,0.0,TSLA,26.2424,351.643,0.9144,-22.2459,-20.9487,-1.2973,61.4269,0.0,0.0,0.0,0,0,0,0,0,0,319.5299987792969,-0.6282,0
2026-02-09 00:00:00-05:00,403.0550898097971,413.05058563481117,399.0927243377603,411.7663,45480500,0.0,0.0,MSFT,50.0,400.4009,1.0284,0.0,0.0,0.0,0.0,0.0,0.0,0.0,0,0,0,0,0,0,411.437744140625,-0.0798,0
2026-02-10 00:00:00-05:00,417.75959730190846,421.80159473973595,410.8702943432265,411.4377,44857900,0.0,0.0,MSFT,50.0,400.4009,1.0276,-0.0262,-0.0052,-0.021,0.0,0.0,0.0,0.0,0,0,0,0,0,0,402.5771789550781,-2.1536,0
2026-02-11 00:00:00-05:00,414.33481566901673,414.61357304478975,399.2320904458023,402.5772,42491000,0.0,0.0,MSFT,50.0,400.4009,1.0054,-0.7533,-0.1548,-0.5984,0.0,0.0,0.0,0.0,0,0,0,0,0,0,400.05841064453125,-0.6257,0
2026-02-12 00:00:00-05:00,403.20440420967,404.3990960787573,396.24540458526855,400.0584,40802400,0.0,0.0,MSFT,50.0,400.4009,0.9991,-1.5152,-0.4269,-1.0883,0.0,0.0,0.0,0.0,0,0,0,0,0,0,399.5407409667969,-0.1294,0
2026-02-13 00:00:00-05:00,402.65686886295305,403.7420326637702,396.2852191820681,399.5407,34091600,0.0,0.0,MSFT,50.0,400.4009,0.9979,-2.1363,-0.7688,-1.3675,0.0,0.0,0.0,0.0,0,0,0,0,0,0,395.1004943847656,-1.1113,0
2026-02-17 00:00:00-05:00,397.45004705087115,398.7442713079252,392.78083787972264,395.1005,32078800,0.0,0.0,MSFT,50.0,400.4009,0.9868,-2.9527,-1.2056,-1.7471,0.0,0.0,0.0,0.0,0,0,0,0,0,0,397.8283386230469,0.6904,1
2026-02-18 00:00:00-05:00,396.3648548030424,400.77520665339193,394.56288205367116,397.8283,23223400,0.0,0.0,MSFT,50.0,400.4009,0.9936,-3.3411,-1.6327,-1.7084,0.0,0.0,0.0,0.0,0,0,0,0,0,0,397.5988464355469,-0.0577,0
2026-02-19 00:00:00-05:00,399.82403795970674,403.55594539020564,395.8127368785549,397.5988,28234000,0.91,0.0,MSFT,50.0,400.4009,0.993,-3.6256,-2.0313,-1.5943,0.0,0.0,0.0,0.0,0,0,0,0,0,0,396.37152099609375,-0.3087,0
2026-02-20 00:00:00-05:00,395.2539159508346,399.2552593187824,394.3059873534157,396.3715,34015200,0.0,0.0,MSFT,50.0,400.4009,0.9899,-3.9051,-2.406,-1.4991,0.0,0.0,0.0,0.0,0,0,0,0,0,0,383.6390686035156,-3.2123,0
2026-02-23 00:00:00-05:00,394.14630950985264,394.50551684604494,382.27203437696886,383.6391,43238300,0.0,0.0,MSFT,50.0,400.4009,0.9581,-5.0953,-2.9439,-2.1514,0.0,0.0,0.0,0.0,0,0,0,0,0,0,388.1593017578125,1.1783,1
2026-02-24 00:00:00-05:00,383.30981969967445,388.5185091169527,380.88504821898124,388.1593,33884700,0.0,0.0,MSFT,50.0,400.4009,0.9694,-5.6091,-3.4769,-2.1322,0.0,0.0,0.0,0.0,0,0,0,0,0,0,399.7342224121094,2.982,1
2026-02-25 00:00:00-05:00,389.68597856263057,400.60233728073825,389.31678308531696,399.7342,43625500,0.0,0.0,MSFT,50.0,400.4009,0.9983,-5.0244,-3.7864,-1.238,0.0,0.0,0.0,0.0,0,0,0,0,0,0,400.851806640625,0.2796,1
2026-02-26 00:00:00-05:00,403.8353349281015,406.6093255926281,397.8782360341113,400.8518,34405900,0.0,0.0,MSFT,50.0,400.4009,1.0011,-4.4199,-3.9131,-0.5068,0.0,0.0,0.0,0.0,0,0,0,0,0,0,391.8912048339844,-2.2354,0
2026-02-27 00:00:00-05:00,390.03523926255787,395.9624042352165,389.0374004516944,391.8912,51367200,0.0,0.0,MSFT,33.3699,400.4009,0.9787,-4.6107,-4.0526,-0.5581,0.0,0.0,0.0,0.0,0,0,0,0,0,0,397.6886291503906,1.4793,1
2026-03-02 00:00:00-05:00,392.01092411942045,400.32293811697235,389.78576315389057,397.6886,35474900,0.0,0.0,MSFT,39.2625,400.4009,0.9932,-4.2452,-4.0911,-0.154,0.0,0.0,0.0,0.0,0,0,0,0,0,0,403.0570068359375,1.3499,1
2026-03-03 00:00:00-05:00,392.2903484387299,405.82103971635513,391.82136299902305,403.057,38199200,0.0,0.0,MSFT,44.0641,400.4009,1.0066,-3.4822,-3.9693,0.4872,0.0,0.0,0.0,0.0,0,0,0,0,0,0,404.32427978515625,0.3144,1
2026-03-04 00:00:00-05:00,400.4027502952161,410.14166638677375,399.44483360720756,404.3243,35808000,0.0,0.0,MSFT,51.3866,400.4009,1.0098,-2.7436,-3.7242,0.9806,0.0,0.0,0.0,0.0,0,0,0,0,0,0,409.79241943359375,1.3524,1
2026-03-05 00:00:00-05:00,403.54596943015656,410.72040218284053,403.525993165685,409.7924,39001300,0.0,0.0,MSFT,57.3799,400.4009,1.0235,-1.6975,-3.3189,1.6214,0.0,0.0,0.0,0.0,0,0,0,0,0,0,408.0761413574219,-0.4188,0
2026-03-06 00:00:00-05:00,408.31564337314285,412.1572983375802,407.6271321747383,408.0761,31123900,0.0,0.0,MSFT,56.3556,400.4009,1.0192,-0.9954,-2.8542,1.8587,0.0,0.0,0.0,0.0,0,0,0,0,0,0,408.5251770019531,0.11,1
2026-03-09 00:00:00-04:00,404.044890641513,409.3234358422322,402.62794618065146,408.5252,30131900,0.0,0.0,MSFT,60.628,400.4009,1.0203,-0.3982,-2.363,1.9647,0.0,0.0,0.0,0.0,0,0,0,0,0,0,404.8830871582031,-0.8915,0
2026-03-10 00:00:00-04:00,409.1438479339772,409.31349393117443,402.05918625996463,404.8831,31706400,0.0,0.0,MSFT,55.5054,400.0568,1.0121,-0.2163,-1.9337,1.7173,22.8445,0.0,0.0,0.0,0,0,0,0,0,0,404.0049743652344,-0.2169,0
2026-03-11 00:00:00-04:00,404.6934855668013,408.1260534422115,400.7220762180728,404.005,25512100,0.0,0.0,MSFT,54.9491,399.6851,1.0108,-0.1414,-1.5752,1.4338,22.8501,0.0,0.0,0.0,0,0,0,0,0,0,400.9914855957031,-0.7459,0
2026-03-12 00:00:00-04:00,403.7555185610488,405.2422886286942,400.84181586601125,400.9915,27263900,0.0,0.0,MSFT,53.4733,399.6059,1.0035,-0.3215,-1.3245,1.003,21.6728,0.0,0.0,0.0,0,0,0,0,0,0,394.69512939453125,-1.5702,0
2026-03-13 00:00:00-04:00,400.13336309353434,403.9251383935716,393.3979511212616,394.6951,26848000,0.0,0.0,MSFT,59.2027,399.3377,0.9884,-0.9612,-1.2518,0.2906,22.2791,0.0,0.0,0.0,0,0,0,0,0,0,399.08563232421875,1.1124,1
2026-03-16 00:00:00-04:00,397.209690545171,399.7641553863696,393.9367805641587,399.0856,27733700,0.0,0.0,MSFT,59.1144,399.3149,0.9994,-1.1012,-1.2217,0.1205,22.6592,0.0,0.0,0.0,0,0,0,0,0,0,398.5467834472656,-0.135,0
2026-03-17 00:00:00-04:00,399.4049101655112,403.5259891234105,396.8903674487218,398.5468,26228300,0.0,0.0,MSFT,48.786,399.4873,0.9976,-1.2413,-1.2256,-0.0157,22.2837,0.0,0.0,0.0,0,0,0,0,0,0,390.9432678222656,-1.9078,0
2026-03-18 00:00:00-04:00,396.271723303423,397.13983817793417,390.1549666521916,390.9433,25908500,0.0,0.0,MSFT,41.0557,399.143,0.9795,-1.9435,-1.3692,-0.5743,23.1879,0.0,0.0,0.0,0,0,0,0,0,0,388.1792297363281,-0.707,0
2026-03-19 00:00:00-04:00,389.2569126674818,391.6417315076428,386.2234742615233,388.1792,25138800,0.0,0.0,MSFT,46.2272,398.672,0.9737,-2.692,-1.6337,-1.0582,23.295,0.0,0.0,0.0,0,0,0,0,0,0,381.0447082519531,-1.8379,0
2026-03-20 00:00:00-04:00,385.95408868282834,386.16362631018524,379.29849030352204,381.0447,50853200,0.0,0.0,MSFT,33.5308,397.9057,0.9576,-3.8169,-2.0704,-1.7465,24.0874,0.0,0.0,0.0,0,0,0,0,0,0,382.1722717285156,0.2959,1
2026-03-23 00:00:00-04:00,383.07032058481127,386.3731646745857,380.85511716508233,382.1723,29680100,0.0,0.0,MSFT,27.4413,397.8323,0.9606,-4.5647,-2.5692,-1.9955,21.2992,0.0,0.0,0.0,0,0,0,0,0,0,371.9344177246094,-2.6789,0
2026-03-24 00:00:00-04:00,381.53362193174286,381.6434000325674,371.04635704379217,371.9344,42733600,0.0,0.0,MSFT,20.6934,397.0211,0.9368,-5.9153,-3.2385,-2.6769,22.7919,0.0,0.0,0.0,0,0,0,0,0,0,370.2381286621094,-0.4561,0
2026-03-25 00:00:00-04:00,376.10542586510894,376.2451074667104,368.831172255135,370.2381,31181200,0.0,0.0,MSFT,11.5892,395.5463,0.936,-7.0414,-3.9991,-3.0424,19.4395,0.0,0.0,0.0,0,0,0,0,0,0,365.1790771484375,-1.3664,0
2026-03-26 00:00:00-04:00,370.01860155518807,373.9101668945663,364.4007640805619,365.1791,36836600,0.0,0.0,MSFT,10.8827,393.7627,0.9274,-8.247,-4.8486,-3.3984,19.5815,0.0,0.0,0.0,0,0,0,0,0,0,355.9989318847656,-2.5139,0
2026-03-27 00:00:00-04:00,361.11784971721505,361.6666793192034,355.73951450811694,355.9989,37883400,0.0,0.0,MSFT,8.6813,391.968,0.9082,-9.8299,-5.8449,-3.985,19.9385,0.0,0.0,0.0,0,0,0,0,0,0,358.1842041015625,0.6138,1
2026-03-30 00:00:00-04:00,361.1178525849577,364.5703662773937,355.51000344849933,358.1842,44797000,0.0,0.0,MSFT,12.4036,389.9928,0.9184,-10.7837,-6.8327,-3.951,19.0313,0.0,0.0,0.0,0,0,0,0,0,0,369.3699951171875,3.1229,1
2026-03-31 00:00:00-04:00,363.7621155862403,372.09407550142714,362.28533367877645,369.37,45244400,0.0,0.0,MSFT,26.0852,388.3085,0.9512,-10.5158,-7.5693,-2.9465,22.1247,0.0,0.0,0.0,0,0,0,0,0,0,368.57171630859375,-0.2161,0
2026-04-01 00:00:00-04:00,372.682807332766,373.1817267376728,367.4042619540212,368.5717,29417200,0.0,0.0,MSFT,26.9083,386.5208,0.9536,-10.2497,-8.1054,-2.1443,21.9688,0.0,0.0,0.0,0,0,0,0,0,0,372.6528625488281,1.1073,1
2026-04-02 00:00:00-04:00,366.41637016886637,372.83249667260446,363.3629859357669,372.6529,24099100,0.0,0.0,MSFT,33.7884,384.6639,0.9688,-9.5989,-8.4041,-1.1948,21.7174,0.0,0.0,0.0,0,0,0,0,0,0,372.0741271972656,-0.1553,0
2026-04-06 00:00:00-04:00,372.682794233078,372.92229624611906,368.70142726638517,372.0741,16146600,0.0,0.0,MSFT,28.9535,382.8638,0.9718,-9.0257,-8.5284,-0.4973,21.745,0.0,0.0,0.0,0,0,0,0,0,0,371.48541259765625,-0.1582,0
2026-04-07 00:00:00-04:00,369.5396147715723,371.64507045865594,365.7677853538718,371.4854,21443300,0.0,0.0,MSFT,28.931,381.0118,0.975,-8.5208,-8.5269,0.0061,21.6738,0.0,0.0,0.0,0,0,0,0,0,0,373.52099609375,0.548,1
2026-04-08 00:00:00-04:00,384.148004001906,384.167949815935,370.6073237610428,373.521,33064800,0.0,0.0,MSFT,35.148,379.4437,0.9844,-7.8657,-8.3947,0.5289,21.8994,0.0,0.0,0.0,0,0,0,0,0,0,372.26373291015625,-0.3366,0
2026-04-09 00:00:00-04:00,371.6949574789129,372.6927962909368,366.2567237727329,372.2637,30435300,0.0,0.0,MSFT,36.0748,377.8566,0.9852,-7.3631,-8.1883,0.8252,21.8908,0.0,0.0,0.0,0,0,0,0,0,0,370.0684814453125,-0.5897,0
2026-04-10 00:00:00-04:00,372.17393720824543,374.8281921461914,369.23030048358606,370.0685,28111100,0.0,0.0,MSFT,39.4878,376.3105,0.9834,-7.0606,-7.9628,0.9022,21.865,0.0,0.0,0.0,0,0,0,0,0,0,383.539306640625,3.6401,1
2026-04-13 00:00:00-04:00,372.8025510733858,383.70895264062807,370.2181521550117,383.5393,35745800,0.0,0.0,MSFT,51.0589,375.7527,1.0207,-5.6685,-7.5039,1.8354,25.6362,0.0,0.0,0.0,0,0,0,0,0,0,392.2604064941406,2.2738,1
2026-04-14 00:00:00-04:00,387.0816509997633,393.83700889302276,385.684652281273,392.2604,37504500,0.0,0.0,MSFT,66.1232,375.4114,1.0449,-3.8175,-6.7667,2.9491,26.693,0.0,0.0,0.0,0,0,0,0,0,0,410.3312683105469,4.6069,1
2026-04-15 00:00:00-04:00,397.1398382929036,413.47445440771634,395.8725939925935,410.3313,45063400,0.0,0.0,MSFT,75.245,376.0006,1.0913,-0.8823,-5.5898,4.7075,31.4327,0.0,0.0,0.0,0,0,0,0,0,0,419.35174560546875,2.1983,1
2026-04-16 00:00:00-04:00,418.95258572248235,419.9105328997013,411.2492993874727,419.3517,41642400,0.0,0.0,MSFT,82.4895,377.4211,1.1111,2.1471,-4.0424,6.1895,31.2212,0.0,0.0,0.0,0,0,0,0,0,0,421.87628173828125,0.602,1
2026-04-17 00:00:00-04:00,423.9018933176335,430.64726300981,419.78081413338697,421.8763,48568200,0.0,0.0,MSFT,92.9371,379.1059,1.1128,4.6974,-2.2944,6.9918,30.9673,0.0,0.0,0.0,0,0,0,0,0,0,417.1664733886719,-1.1164,0
2026-04-20 00:00:00-04:00,420.2398034863272,422.4150847565369,415.40027922801784,417.1665,27582200,0.0,0.0,MSFT,87.2182,380.912,1.0952,6.2663,-0.5823,6.8486,30.365,0.0,0.0,0.0,0,0,0,0,0,0,423.2433166503906,1.4567,1
2026-04-21 00:00:00-04:00,419.33177508554746,426.25677891783357,416.2983670043314,423.2433,32048500,0.0,0.0,MSFT,86.3373,382.9655,1.1052,7.9088,1.1159,6.7929,30.5551,0.0,0.0,0.0,0,0,0,0,0,0,431.984375,2.0653,1
2026-04-22 00:00:00-04:00,425.2689090952171,432.7626880248645,422.7543663498755,431.9844,29378200,0.0,0.0,MSFT,88.6322,385.968,1.1192,9.8029,2.8533,6.9495,28.5218,0.0,0.0,0.0,0,0,0,0,0,0,414.8514709472656,-3.9661,0
2026-04-23 00:00:00-04:00,418.9825380949446,422.7443793162959,410.5208543154444,414.8515,38308000,0.0,0.0,MSFT,72.1809,388.1987,1.0687,9.8084,4.2443,5.564,32.902,0.0,0.0,0.0,0,0,0,0,0,0,423.7023010253906,2.1335,1
2026-04-24 00:00:00-04:00,416.0688403922519,424.0316048781353,414.9013556123021,423.7023,27457400,0.0,0.0,MSFT,74.9662,391.1249,1.0833,10.4069,5.4768,4.9301,32.4835,0.0,0.0,0.0,0,0,0,0,0,0,423.9018859863281,0.0471,1
2026-04-27 00:00:00-04:00,421.46715688013995,426.1869149113369,416.1686352924954,423.9019,30867300,0.0,0.0,MSFT,75.4432,394.52,1.0745,10.7732,6.5361,4.2371,30.2492,0.0,0.0,0.0,0,0,0,0,0,0,428.3222961425781,1.0428,1
2026-04-28 00:00:00-04:00,423.6524179624475,428.99086152362304,420.9881750222059,428.3223,30438100,0.0,0.0,MSFT,75.9989,398.0269,1.0761,11.2901,7.4869,3.8032,30.2349,0.0,0.0,0.0,0,0,0,0,0,0,423.5426330566406,-1.1159,0
2026-04-29 00:00:00-04:00,423.6623688360089,425.8975483734993,419.38166246548025,423.5426,38288300,0.0,0.0,MSFT,73.541,400.7356,1.0569,11.1851,8.2265,2.9585,29.8716,0.0,0.0,0.0,0,0,0,0,0,0,406.8987121582031,-3.9297,0
2026-04-30 00:00:00-04:00,409.92216255995794,413.5243765293071,397.1498378648014,406.8987,70909400,0.0,0.0,MSFT,64.9276,402.6519,1.0105,9.6476,8.5107,1.1368,34.0096,0.0,0.0,0.0,0,0,0,0,0,0,413.5443115234375,1.6332,1
2026-05-01 00:00:00-04:00,411.9078412872606,416.2085240460113,409.5529563541748,413.5443,31372400,0.0,0.0,MSFT,62.8735,404.6965,1.0219,8.8632,8.5812,0.282,34.1813,0.0,0.0,0.0,0,0,0,0,0,0,412.72607421875,-0.1979,0
2026-05-04 00:00:00-04:00,410.6505829404435,419.87060358807366,409.91216153093814,412.7261,28066500,0.0,0.0,MSFT,59.4195,406.7291,1.0147,8.0824,8.4815,-0.3991,34.1932,0.0,0.0,0.0,0,0,0,0,0,0,410.4909362792969,-0.5416,0
2026-05-05 00:00:00-04:00,414.42242364358015,415.8792597859335,407.916495085617,410.4909,25700900,0.0,0.0,MSFT,50.086,408.6794,1.0044,7.2002,8.2252,-1.025,34.3241,0.0,0.0,0.0,0,0,0,0,0,0,413.0653381347656,0.6272,1
2026-05-06 00:00:00-04:00,407.11822745622237,417.51572107575487,404.23445872829495,413.0653,30285900,0.0,0.0,MSFT,46.36,410.6566,1.0059,6.6324,7.9067,-1.2743,34.3261,0.0,0.0,0.0,0,0,0,0,0,0,419.8606262207031,1.6451,1
2026-05-07 00:00:00-04:00,419.2020489501835,427.05506598481406,417.8549909144547,419.8606,34942400,0.0,0.0,MSFT,48.8879,413.0364,1.0165,6.654,7.6561,-1.0021,34.3858,0.0,0.0,0.0,0,0,0,0,0,0,414.22283935546875,-1.3428,0
2026-05-08 00:00:00-04:00,416.48795292910256,417.7252633012779,413.105264767488,414.2228,33383800,0.0,0.0,MSFT,48.3924,415.2441,0.9975,6.1454,7.354,-1.2086,34.8397,0.0,0.0,0.0,0,0,0,0,0,0,411.7681579589844,-0.5926,0
2026-05-11 00:00:00-04:00,406.9885016374445,411.79809190456297,404.6236285818644,411.7682,35657900,0.0,0.0,MSFT,43.4748,416.6556,0.9883,5.481,6.9794,-1.4984,33.1191,0.0,0.0,0.0,0,0,0,0,0,0,406.8887023925781,-1.185,0
2026-05-12 00:00:00-04:00,413.58422243338293,414.6020070114768,405.76117016707224,406.8887,38594200,0.0,0.0,MSFT,35.0742,417.387,0.9748,4.5088,6.4853,-1.9765,32.7647,0.0,0.0,0.0,0,0,0,0,0,0,404.3342590332031,-0.6278,0
2026-05-13 00:00:00-04:00,402.3286237155428,405.4318878236479,400.1633000811369,404.3343,29667100,0.0,0.0,MSFT,42.4325,417.0871,0.9694,3.4919,5.8866,-2.3947,28.414,0.0,0.0,0.0,0,0,0,0,0,0,408.5451354980469,1.0414,1
2026-05-14 00:00:00-04:00,403.6058516736889,410.94993067744383,400.013625877668,408.5451,27077500,0.0,0.0,MSFT,38.3136,416.5468,0.9808,2.9914,5.3076,-2.3162,27.4767,0.0,0.0,0.0,0,0,0,0,0,0,421.0081481933594,3.0506,1
2026-05-15 00:00:00-04:00,413.3746572242232,427.24464052002446,412.01761111071977,421.0081,50771200,0.0,0.0,MSFT,48.1237,416.5034,1.0108,3.5593,4.9579,-1.3986,29.6168,0.0,0.0,0.0,0,0,0,0,0,0,422.6246643066406,0.384,1
2026-05-18 00:00:00-04:00,415.71960624154525,424.2012362508279,414.7117792841577,422.6247,32564100,0.0,0.0,MSFT,46.1663,416.7763,1.014,4.0926,4.7848,-0.6922,29.3399,0.0,0.0,0.0,0,0,0,0,0,0,416.51788330078125,-1.445,0
2026-05-19 00:00:00-04:00,428.9708919761278,431.7648588737268,415.58987007798993,416.5179,33018700,0.0,0.0,MSFT,45.3562,416.44,1.0002,3.9767,4.6232,-0.6465,29.3438,0.0,0.0,0.0,0,0,0,0,0,0,420.1499938964844,0.872,1
2026-05-20 00:00:00-04:00,413.2749005432513,421.18775475321456,410.4110776678385,420.15,27864000,0.0,0.0,MSFT,60.58,415.8483,1.0103,4.1303,4.5246,-0.3943,28.4888,0.0,0.0,0.0,0,0,0,0,0,0,419.0899963378906,-0.2523,0
2026-05-21 00:00:00-04:00,424.75,426.3399963378906,415.7099914550781,419.09,31393500,0.91,0.0,MSFT,54.8613,416.0602,1.0073,4.119,4.4435,-0.3245,24.6341,0.0,0.0,0.0,0,0,0,0,0,0,418.57000732421875,-0.1241,0
2026-05-22 00:00:00-04:00,419.5400085449219,424.3999938964844,416.3299865722656,418.57,22390300,0.0,0.0,MSFT,55.1497,415.8036,1.0067,4.0218,4.3592,-0.3374,23.3885,0.0,0.0,0.0,0,0,0,0,0,0,416.0299987792969,-0.6068,0
2026-05-26 00:00:00-04:00,416.42999267578125,419.7699890136719,413.0199890136719,416.03,30398000,0.0,0.0,MSFT,54.855,415.41,1.0015,3.6971,4.2268,-0.5297,23.4674,0.0,0.0,0.0,0,0,0,0,0,0,412.6700134277344,-0.8076,0
2026-05-27 00:00:00-04:00,411.010009765625,415.94000244140625,409.5799865722656,412.67,28901500,0.0,0.0,MSFT,49.6582,414.6274,0.9953,3.1326,4.0079,-0.8753,23.2075,0.0,0.0,0.0,0,0,0,0,0,0,426.989990234375,3.4701,1
2026-05-28 00:00:00-04:00,412.9800109863281,429.489990234375,412.6700134277344,426.99,47250500,0.0,0.0,MSFT,55.4543,414.7998,1.0294,3.7969,3.9657,-0.1688,26.2529,0.0,0.0,0.0,0,0,0,0,0,0,450.239990234375,5.4451,1
2026-05-29 00:00:00-04:00,432.54998779296875,450.3299865722656,432.3599853515625,450.24,79654400,0.0,0.0,MSFT,71.7055,416.9669,1.0798,6.1288,4.3983,1.7305,28.391,0.0,0.0,0.0,0,0,0,0,0,0,460.5199890136719,2.2832,1
2026-06-01 00:00:00-04:00,464.8399963378906,466.32000732421875,458.2699890136719,460.52,53628900,0.0,0.0,MSFT,76.8477,419.3156,1.0983,8.7061,5.2599,3.4462,28.8188,0.0,0.0,0.0,0,0,0,0,0,0,441.30999755859375,-4.1714,0
2026-06-02 00:00:00-04:00,446.8800048828125,453.5,440.42999267578125,441.31,37036800,0.0,0.0,MSFT,66.3718,420.7448,1.0489,9.0936,6.0266,3.067,33.2985,0.0,0.0,0.0,0,0,0,0,0,0,427.3399963378906,-3.1656,0
2026-06-03 00:00:00-04:00,438.45001220703125,440.3900146484375,424.25,427.34,39037000,0.0,0.0,MSFT,59.8704,421.5873,1.0136,8.1792,6.4572,1.7221,35.4687,0.0,0.0,0.0,0,0,0,0,0,0,428.04998779296875,0.1661,1
2026-06-04 00:00:00-04:00,435.80999755859375,436.1499938964844,426.4100036621094,428.05,26899500,0.0,0.0,MSFT,58.6275,422.3365,1.0135,7.4262,6.651,0.7753,35.4371,0.0,0.0,0.0,0,0,0,0,0,0,416.6700134277344,-2.6586,0
2026-06-05 00:00:00-04:00,428.3399963378906,429.4700012207031,414.3999938964844,416.67,34782200,0.0,0.0,MSFT,48.0626,422.177,0.987,5.8438,6.4895,-0.6457,36.3923,0.0,0.0,0.0,0,0,0,0,0,0,411.739990234375,-1.1832,0
2026-06-08 00:00:00-04:00,414.1400146484375,417.1600036621094,408.55999755859375,411.74,32086700,0.0,0.0,MSFT,45.2786,422.0528,0.9756,4.1442,6.0205,-1.8763,36.3193,0.0,0.0,0.0,0,0,0,0,0,0,403.4100036621094,-2.0231,0
2026-06-09 00:00:00-04:00,409.0299987792969,411.9800109863281,398.4800109863281,403.41,35317300,0.0,0.0,MSFT,44.4218,421.6349,0.9568,2.1009,5.2366,-3.1357,36.9751,0.0,0.0,0.0,0,0,0,0,0,0,397.3599853515625,-1.4997,0
2026-06-10 00:00:00-04:00,398.54998779296875,405.0400085449219,397.1600036621094,397.36,32576000,0.0,0.0,MSFT,40.497,421.1585,0.9435,-0.0066,4.1879,-4.1945,37.1168,0.0,0.0,0.0,0,0,0,0,0,0,390.3399963378906,-1.7667,0
2026-06-11 00:00:00-04:00,395.2099914550781,396.8500061035156,384.0,390.34,47224100,0.0,0.0,MSFT,38.5795,420.4588,0.9284,-2.2177,2.9068,-5.1245,37.5522,0.0,0.0,0.0,0,0,0,0,0,0,390.739990234375,0.1025,1
2026-06-12 00:00:00-04:00,391.42999267578125,391.739990234375,382.2699890136719,390.74,34865800,0.0,0.0,MSFT,38.9344,419.5685,0.9313,-3.8928,1.5469,-5.4397,37.3043,0.0,0.0,0.0,0,0,0,0,0,0,399.760009765625,2.3084,1
2026-06-15 00:00:00-04:00,396.79998779296875,401.75,392.8500061035156,399.76,32266400,0.0,0.0,MSFT,43.8478,418.5061,0.9552,-4.4414,0.3492,-4.7906,36.5326,0.0,0.0,0.0,0,0,0,0,0,0,393.8299865722656,-1.4834,0
2026-06-16 00:00:00-04:00,395.7900085449219,396.8399963378906,390.69000244140625,393.83,31506800,0.0,0.0,MSFT,43.0119,417.0664,0.9443,-5.2936,-0.7793,-4.5142,36.7147,0.0,0.0,0.0,0,0,0,0,0,0,378.9100036621094,-3.7884,0
2026-06-17 00:00:00-04:00,390.25,390.3699951171875,377.32000732421875,378.91,41987800,0.0,0.0,MSFT,32.2452,415.186,0.9126,-7.0911,-2.0417,-5.0494,38.5573,0.0,0.0,0.0,0,0,0,0,0,0,379.3999938964844,0.1293,1
2026-06-18 00:00:00-04:00,377.82000732421875,381.3699951171875,373.2799987792969,379.4,59714200,0.0,0.0,MSFT,18.5547,413.1485,0.9183,-8.3796,-3.3093,-5.0703,38.3104,0.0,0.0,0.0,0,0,0,0,0,0,367.3399963378906,-3.1787,0
2026-06-22 00:00:00-04:00,375.739990234375,381.6300048828125,367.07000732421875,367.34,45171100,0.0,0.0,MSFT,9.2816,410.561,0.8947,-10.2556,-4.6985,-5.557,39.4691,0.0,0.0,0.0,0,0,0,0,0,0,373.94000244140625,1.7967,1
2026-06-23 00:00:00-04:00,372.3800048828125,377.2200012207031,370.6700134277344,373.94,40647600,0.0,0.0,MSFT,16.9139,408.3295,0.9158,-11.082,-5.9752,-5.1068,40.3727,0.0,0.0,0.0,0,0,0,0,0,0,365.4599914550781,-2.2677,0
2026-06-24 00:00:00-04:00,371.57000732421875,378.8800048828125,364.7799987792969,365.46,44509900,0.0,0.0,MSFT,17.8779,405.801,0.9006,-12.2797,-7.2361,-5.0436,40.8415,0.0,0.0,0.0,0,0,0,0,0,0,352.8299865722656,-3.4559,0
2026-06-25 00:00:00-04:00,362.7699890136719,364.2300109863281,349.20001220703125,352.83,66179000,0.0,0.0,MSFT,15.2531,402.809,0.8759,-14.0856,-8.606,-5.4796,42.0709,0.0,0.0,0.0,0,0,0,0,0,0,372.9700012207031,5.7081,1
2026-06-26 00:00:00-04:00,357.1499938964844,376.6099853515625,355.42999267578125,372.97,186201600,0.0,0.0,MSFT,31.3248,400.108,0.9322,-13.7334,-9.6315,-4.1019,45.6446,0.0,0.0,0.0,0,0,0,0,0,0,368.57000732421875,-1.1797,0
2026-06-29 00:00:00-04:00,377.5,380.5,359.8999938964844,368.57,51229900,0.0,0.0,MSFT,31.4673,396.0245,0.9307,-13.6519,-10.4356,-3.2163,39.5971,0.0,0.0,0.0,0,0,0,0,0,0,373.0199890136719,1.2074,1
2026-06-30 00:00:00-04:00,371.0299987792969,374.1499938964844,367.45001220703125,373.02,44945700,0.0,0.0,MSFT,36.5041,391.6495,0.9524,-13.0775,-10.964,-2.1136,38.5976,0.0,0.0,0.0,0,0,0,0,0,0,384.2799987792969,3.0186,1
2026-07-01 00:00:00-04:00,380.8299865722656,388.8299865722656,374.8900146484375,384.28,48065800,0.0,0.0,MSFT,44.4482,388.798,0.9884,-11.5803,-11.0872,-0.493,39.2445,0.0,0.0,0.0,0,0,0,0,0,0,390.489990234375,1.616,1
2026-07-02 00:00:00-04:00,384.4800109863281,392.20001220703125,383.70001220703125,390.49,42128900,0.0,0.0,MSFT,50.0641,386.9555,1.0091,-9.7798,-10.8257,1.0459,38.8651,0.0,0.0,0.0,0,0,0,0,0,0,386.739990234375,-0.9603,0
2026-07-06 00:00:00-04:00,387.0400085449219,389.1499938964844,381.2200012207031,386.74,34224500,0.0,0.0,MSFT,48.338,384.89,1.0048,-8.5569,-10.372,1.8151,38.8449,0.0,0.0,0.0,0,0,0,0,0,0,388.8399963378906,0.543,1
2026-07-07 00:00:00-04:00,392.489990234375,395.57000732421875,388.2200012207031,388.84,29297500,0.0,0.0,MSFT,45.186,383.4985,1.0139,-7.3337,-9.7643,2.4306,38.1167,0.0,0.0,0.0,0,0,0,0,0,0,383.3399963378906,-1.4145,0
2026-07-08 00:00:00-04:00,384.0299987792969,385.30999755859375,381.3299865722656,383.34,25908300,0.0,0.0,MSFT,45.358,382.0785,1.0033,-6.7306,-9.1576,2.427,38.1951,0.0,0.0,0.0,0,0,0,0,0,0,384.3599853515625,0.2661,1
2026-07-09 00:00:00-04:00,374.45001220703125,384.6499938964844,373.3500061035156,384.36,31083200,0.0,0.0,MSFT,52.75,381.126,1.0085,-6.1,-8.5461,2.4461,37.71,0.0,0.0,0.0,0,0,0,0,0,0,385.1000061035156,0.1925,1
2026-07-10 00:00:00-04:00,387.79998779296875,391.9100036621094,381.5,385.1,24644600,0.0,0.0,MSFT,52.8689,380.513,1.0121,-5.4774,-7.9323,2.455,37.4227,0.0,0.0,0.0,0,0,0,0,0,0,390.989990234375,1.5295,1
2026-07-13 00:00:00-04:00,387.75,393.6499938964844,384.1499938964844,390.99,28914900,0.0,0.0,MSFT,62.6918,380.5455,1.0274,-4.4573,-7.2373,2.78,37.34,0.0,0.0,0.0,0,0,0,0,0,0,384.92999267578125,-1.5499,0
2026-07-14 00:00:00-04:00,382.82000732421875,388.19000244140625,378.6499938964844,384.93,27863900,0.0,0.0,MSFT,55.9322,380.255,1.0123,-4.0907,-6.608,2.5173,37.7584,0.0,0.0,0.0,0,0,0,0,0,0,395.6300048828125,2.7797,1
2026-07-15 00:00:00-04:00,387.79998779296875,398.9599914550781,386.3999938964844,395.63,36253700,0.0,0.0,MSFT,65.9041,380.0485,1.041,-2.9033,-5.8671,2.9638,38.1832,0.0,0.0,0.0,0,0,0,0,0,0,401.1000061035156,1.3826,1
2026-07-16 00:00:00-04:00,398.30999755859375,405.989990234375,392.04998779296875,401.1,37047400,0.0,0.0,MSFT,77.5231,380.412,1.0544,-1.5036,-4.9944,3.4908,38.0861,0.0,0.0,0.0,0,0,0,0,0,0,393.82000732421875,-1.815,0
2026-07-17 00:00:00-04:00,394.8599853515625,398.3900146484375,389.3900146484375,393.82,33049800,0.0,0.0,MSFT,63.9316,381.1575,1.0332,-0.9705,-4.1896,3.2191,35.9873,0.0,0.0,0.0,0,0,0,0,0,0,402.2900085449219,2.1507,1
2026-07-20 00:00:00-04:00,391.4100036621094,403.17999267578125,389.6499938964844,402.29,27915800,0.0,0.0,MSFT,71.3688,382.302,1.0523,0.1338,-3.3249,3.4587,36.6313,0.0,0.0,0.0,0,0,0,0,0,0,397.75,-1.1285,0
2026-07-21 00:00:00-04:00,398.80999755859375,401.4700012207031,396.32000732421875,397.75,24126600,0.0,0.0,MSFT,65.6539,383.8225,1.0363,0.6354,-2.5328,3.1682,34.7077,0.0,0.0,0.0,0,0,0,0,0,0,390.3399963378906,-1.863,0
2026-07-22 00:00:00-04:00,399.5799865722656,401.0,386.9599914550781,390.34,28142500,0.0,0.0,MSFT,54.0325,384.6425,1.0148,0.43,-1.9403,2.3703,35.2112,0.0,0.0,0.0,0,0,0,0,0,0,381.5799865722656,-2.2442,0
2026-07-23 00:00:00-04:00,389.9700012207031,391.7799987792969,377.3900146484375,381.58,30351800,0.0,0.0,MSFT,44.2657,385.4485,0.99,-0.4346,-1.6391,1.2045,35.189,0.0,0.0,0.0,0,0,0,0,0,0,381.70001220703125,0.0315,1
2026-07-24 00:00:00-04:00,387.04998779296875,389.0299987792969,380.6499938964844,381.7,27659400,0.0,0.0,MSFT,46.5974,386.892,0.9866,-1.0975,-1.5308,0.4333,32.3988,0.0,0.0,0.0,0,0,0,0,0,0,389.1000061035156,1.9387,1
2026-07-27 00:00:00-04:00,390.0799865722656,394.20001220703125,387.989990234375,389.1,27856200,0.0,0.0,MSFT,50.1638,387.6985,1.0036,-1.0141,-1.4275,0.4134,26.4445,0.0,0.0,0.0,0,0,0,0,0,0,393.3500061035156,1.0923,1
2026-07-28 00:00:00-04:00,393.1600036621094,400.32000732421875,391.29998779296875,393.35,32367500,0.0,0.0,MSFT,56.4076,388.9375,1.0113,-0.5981,-1.2616,0.6635,26.0708,0.0,0.0,0.0,0,0,0,0,0,0,390.5400085449219,-0.7144,0
2026-07-29 00:00:00-04:00,393.3999938964844,401.25,388.739990234375,390.54,47209000,0.0,0.0,MSFT,53.8673,389.8135,1.0019,-0.4895,-1.1072,0.6177,26.1139,0.0,0.0,0.0,0,0,0,0,0,0,451.1000061035156,15.5067,1
2026-07-30 00:00:00-04:00,437.8999938964844,458.69000244140625,432.44000244140625,451.1,110160700,0.0,0.0,MSFT,73.6187,393.1545,1.1474,4.4321,0.0007,4.4314,59.7206,0.0,0.0,0.0,0,0,0,0,0,0,464.7200012207031,3.0193,1
2026-07-31 00:00:00-04:00,450.0,466.8399963378906,449.3299865722656,464.72,60846000,0.0,0.0,MSFT,75.0017,396.866,1.171,9.3241,1.8654,7.4587,60.1601,0.0,0.0,0.0,0,0,0,0,0,0,487.6499938964844,4.9342,1
2026-08-03 00:00:00-04:00,476.1300048828125,491.6499938964844,475.0,487.65,66762100,0.0,0.0,MSFT,81.2561,401.9115,1.2133,14.8797,4.4682,10.4115,61.3216,0.0,0.0,0.0,0,0,0,0,0,0,492.80999755859375,1.0581,1
2026-08-04 00:00:00-04:00,480.8999938964844,499.44000244140625,479.1700134277344,492.81,50455500,0.0,0.0,MSFT,80.6021,407.11,1.2105,19.4745,7.4695,12.005,61.2721,0.0,0.0,0.0,0,0,0,0,0,0,487.4599914550781,-1.0856,0
2026-08-05 00:00:00-04:00,496.3599853515625,498.239990234375,485.67999267578125,487.46,33388900,0.0,0.0,MSFT,77.2154,412.316,1.1822,22.4257,10.4607,11.965,61.0928,0.0,0.0,0.0,0,0,0,0,0,0,499.8599853515625,2.5438,1
2026-02-09 00:00:00-05:00,320.5127991892576,327.2740180221729,316.84758707958963,323.8984,39640100,0.0,0.0,GOOGL,50.0,307.869,1.0521,0.0,0.0,0.0,0.0,0.0,0.0,0.0,0,0,0,0,0,0,318.16583251953125,-1.7699,0
2026-02-10 00:00:00-05:00,320.5527401483992,321.25184233940706,314.2009923012897,318.1658,39170000,0.0,0.0,GOOGL,50.0,307.869,1.0334,-0.4573,-0.0915,-0.3658,0.0,0.0,0.0,0.0,0,0,0,0,0,0,310.5557556152344,-2.3919,0
2026-02-11 00:00:00-05:00,318.55535268111106,320.64263210541753,309.25745775560665,310.5558,45406400,0.0,0.0,GOOGL,50.0,307.869,1.0087,-1.4174,-0.3567,-1.0608,0.0,0.0,0.0,0.0,0,0,0,0,0,0,308.5982971191406,-0.6303,0
2026-02-12 00:00:00-05:00,311.68427643298344,315.8288752987113,306.80064932708433,308.5983,47761300,0.0,0.0,GOOGL,50.0,307.869,1.0024,-2.3097,-0.7473,-1.5624,0.0,0.0,0.0,0.0,0,0,0,0,0,0,305.32257080078125,-1.0615,0
2026-02-13 00:00:00-05:00,307.32996759040856,308.2287915112591,303.31517401115394,305.3226,38499700,0.0,0.0,GOOGL,50.0,307.869,0.9917,-3.2437,-1.2466,-1.9972,0.0,0.0,0.0,0.0,0,0,0,0,0,0,301.6273498535156,-1.2103,0
2026-02-17 00:00:00-05:00,299.6499434457439,304.0442171582303,295.86486207725466,301.6273,39247600,0.0,0.0,GOOGL,50.0,307.869,0.9797,-4.2333,-1.8439,-2.3894,0.0,0.0,0.0,0.0,0,0,0,0,0,0,302.9356689453125,0.4338,1
2026-02-18 00:00:00-05:00,301.6972906518214,304.983022308801,300.8583862777236,302.9357,28482100,0.0,0.0,GOOGL,50.0,307.869,0.984,-4.8561,-2.4463,-2.4097,0.0,0.0,0.0,0.0,0,0,0,0,0,0,302.456298828125,-0.1582,0
2026-02-19 00:00:00-05:00,301.42763905495286,305.0728879320441,299.64995428739604,302.4563,25834400,0.0,0.0,GOOGL,50.0,307.869,0.9824,-5.3269,-3.0224,-2.3044,0.0,0.0,0.0,0.0,0,0,0,0,0,0,314.5705261230469,4.0053,1
2026-02-20 00:00:00-05:00,303.9243808328656,316.08853909864735,303.504913437054,314.5705,53210800,0.0,0.0,GOOGL,50.0,307.869,1.0218,-4.6686,-3.3517,-1.3169,0.0,0.0,0.0,0.0,0,0,0,0,0,0,311.0850524902344,-1.108,0
2026-02-23 00:00:00-05:00,318.6352220336332,319.1046122516075,309.4671633706354,311.0851,31423000,0.0,0.0,GOOGL,50.0,307.869,1.0104,-4.3778,-3.5569,-0.8209,0.0,0.0,0.0,0.0,0,0,0,0,0,0,310.495849609375,-0.1894,0
2026-02-24 00:00:00-05:00,310.11633870149166,311.8640638461802,305.53230897934316,310.4958,25615600,0.0,0.0,GOOGL,50.0,307.869,1.0085,-4.147,-3.6749,-0.4721,0.0,0.0,0.0,0.0,0,0,0,0,0,0,312.49322509765625,0.6433,1
2026-02-25 00:00:00-05:00,311.6543207518016,313.2322838254539,309.03773161827513,312.4932,29963600,0.0,0.0,GOOGL,50.0,307.869,1.015,-3.7596,-3.6919,-0.0677,0.0,0.0,0.0,0.0,0,0,0,0,0,0,306.9804382324219,-1.7641,0
2026-02-26 00:00:00-05:00,312.23361045347764,312.73296049797625,301.95697800388234,306.9804,36431200,0.0,0.0,GOOGL,50.0,307.869,0.9971,-3.853,-3.7241,-0.1289,0.0,0.0,0.0,0.0,0,0,0,0,0,0,311.354736328125,1.4249,1
2026-02-27 00:00:00-05:00,303.7446468483449,311.9639287272481,303.4050620118916,311.3547,44640600,0.0,0.0,GOOGL,37.9693,307.869,1.0113,-3.5333,-3.6859,0.1526,0.0,0.0,0.0,0.0,0,0,0,0,0,0,306.12152099609375,-1.6808,0
2026-03-02 00:00:00-05:00,302.83581985466094,308.0889612664211,300.908305641281,306.1215,34790200,0.0,0.0,GOOGL,34.5055,307.869,0.9943,-3.6601,-3.6808,0.0207,0.0,0.0,0.0,0.0,0,0,0,0,0,0,303.1853332519531,-0.9592,0
2026-03-03 00:00:00-05:00,298.2018299939976,303.5448811012492,296.3242691134317,303.1853,35497000,0.0,0.0,GOOGL,36.2738,307.869,0.9848,-3.9519,-3.735,-0.2169,0.0,0.0,0.0,0.0,0,0,0,0,0,0,302.7359619140625,-0.1482,0
2026-03-04 00:00:00-05:00,302.49628364637806,305.07291645770977,300.3590508331652,302.736,29536200,0.0,0.0,GOOGL,41.7527,307.869,0.9833,-4.1713,-3.8222,-0.3491,0.0,0.0,0.0,0.0,0,0,0,0,0,0,300.4888610839844,-0.7423,0
2026-03-05 00:00:00-05:00,302.6460567428228,302.9056980180265,297.6026034525966,300.4889,35752300,0.0,0.0,GOOGL,41.4992,307.869,0.976,-4.475,-3.9528,-0.5222,0.0,0.0,0.0,0.0,0,0,0,0,0,0,298.1319274902344,-0.7844,0
2026-03-06 00:00:00-05:00,295.7050936872067,300.1393243405422,294.7962729857715,298.1319,25576900,0.0,0.0,GOOGL,42.3143,307.869,0.9684,-4.8499,-4.1322,-0.7177,0.0,0.0,0.0,0.0,0,0,0,0,0,0,306.1770935058594,2.6985,1
2026-03-09 00:00:00-04:00,294.1842573074437,306.6168332730834,293.9044256827884,306.1771,29312100,0.21,0.0,GOOGL,54.4493,307.869,0.9945,-4.4466,-4.1951,-0.2515,0.0,0.0,0.0,0.0,0,0,0,0,0,0,306.8567199707031,0.222,1
2026-03-10 00:00:00-04:00,305.98724420005084,309.3252467158022,305.3875962722132,306.8567,23239700,0.0,0.0,GOOGL,53.8822,307.017,0.9995,-4.0257,-4.1612,0.1355,24.6588,0.0,0.0,0.0,0,0,0,0,0,0,308.5157470703125,0.5407,1
2026-03-11 00:00:00-04:00,306.56689883882945,311.23412470378855,305.7374076911934,308.5157,24125700,0.0,0.0,GOOGL,55.8625,306.5344,1.0065,-3.5177,-4.0325,0.5148,24.139,0.0,0.0,0.0,0,0,0,0,0,0,303.3687744140625,-1.6683,0
2026-03-12 00:00:00-04:00,306.636841807898,308.7555713296518,300.8502897843219,303.3688,24928300,0.0,0.0,GOOGL,37.4736,306.1751,0.9908,-3.4903,-3.9241,0.4338,23.3693,0.0,0.0,0.0,0,0,0,0,0,0,302.09954833984375,-0.4184,0
2026-03-13 00:00:00-04:00,306.8267356773544,307.50632242162294,300.26065041451466,302.0995,23693100,0.0,0.0,GOOGL,39.4279,305.8502,0.9877,-3.5302,-3.8453,0.3151,23.3184,0.0,0.0,0.0,0,0,0,0,0,0,305.3775939941406,1.0851,1
2026-03-16 00:00:00-04:00,304.16832484157635,306.3070315122431,302.8391017033621,305.3776,23519700,0.0,0.0,GOOGL,44.3364,305.8529,0.9984,-3.2598,-3.7282,0.4684,23.3847,0.0,0.0,0.0,0,0,0,0,0,0,310.7344055175781,1.7542,1
2026-03-17 00:00:00-04:00,305.67739809365116,311.2341070358109,305.3176276402165,310.7344,21955200,0.0,0.0,GOOGL,48.1885,306.3083,1.0144,-2.5834,-3.4992,0.9158,23.6966,0.0,0.0,0.0,0,0,0,0,0,0,307.5063171386719,-1.0389,0
2026-03-18 00:00:00-04:00,309.0853604878573,312.28346234614037,306.74676108497374,307.5063,20009800,0.0,0.0,GOOGL,50.5684,306.5368,1.0032,-2.2816,-3.2557,0.9741,24.0444,0.0,0.0,0.0,0,0,0,0,0,0,306.9466552734375,-0.182,0
2026-03-19 00:00:00-04:00,303.8285227221892,307.8760927647981,302.16951004441273,306.9467,25075800,0.0,0.0,GOOGL,44.8074,306.7613,1.0006,-2.0638,-3.0173,0.9536,24.0477,0.0,0.0,0.0,0,0,0,0,0,0,300.8203125,-1.9959,0
2026-03-20 00:00:00-04:00,305.2776414809433,305.8173276578073,298.0919312440676,300.8203,44364100,0.0,0.0,GOOGL,43.884,306.0738,0.9828,-2.3583,-2.8855,0.5272,20.1971,0.0,0.0,0.0,0,0,0,0,0,0,301.87969970703125,0.3522,1
2026-03-23 00:00:00-04:00,301.92965766257777,305.7973733016039,300.75036931754545,301.8797,29326900,0.0,0.0,GOOGL,48.4255,305.6135,0.9878,-2.4776,-2.8039,0.3263,20.0055,0.0,0.0,0.0,0,0,0,0,0,0,290.2666320800781,-3.8469,0
2026-03-24 00:00:00-04:00,299.02141279307426,299.7409842283802,290.15668188195673,290.2666,36864300,0.0,0.0,GOOGL,38.1528,304.6021,0.9529,-3.4693,-2.937,-0.5323,23.9442,0.0,0.0,0.0,0,0,0,0,0,0,290.7563171386719,0.1687,1
2026-03-25 00:00:00-04:00,293.2648285118823,295.82329783701033,289.0673235725591,290.7563,29460700,0.0,0.0,GOOGL,40.4335,303.5152,0.958,-4.1677,-3.1831,-0.9845,23.748,0.0,0.0,0.0,0,0,0,0,0,0,280.7523193359375,-3.4407,0
2026-03-26 00:00:00-04:00,287.7381369232671,287.7781215852462,278.33375052565475,280.7523,39080600,0.0,0.0,GOOGL,35.1495,302.2038,0.929,-5.4654,-3.6396,-1.8258,25.7354,0.0,0.0,0.0,0,0,0,0,0,0,274.1762390136719,-2.3423,0
2026-03-27 00:00:00-04:00,277.1144865271076,279.203235317384,273.7864876697142,274.1762,35890600,0.0,0.0,GOOGL,21.9517,300.3449,0.9129,-6.9444,-4.3006,-2.6438,25.6021,0.0,0.0,0.0,0,0,0,0,0,0,273.33673095703125,-0.3062,0
2026-03-30 00:00:00-04:00,276.2550012483934,276.9245842043685,271.9475460941929,273.3367,35141200,0.0,0.0,GOOGL,20.7023,298.7057,0.9151,-8.091,-5.0586,-3.0324,25.311,0.0,0.0,0.0,0,0,0,0,0,0,287.3883361816406,5.1408,1
2026-03-31 00:00:00-04:00,277.87403020607053,287.9080147834651,276.9245851168754,287.3883,43875400,0.0,0.0,GOOGL,34.8219,297.9158,0.9647,-7.7762,-5.6022,-2.1741,32.3063,0.0,0.0,0.0,0,0,0,0,0,0,297.2124938964844,3.4184,1
2026-04-01 00:00:00-04:00,290.6663854824321,300.34059988895723,290.23664948178913,297.2125,37684500,0.0,0.0,GOOGL,45.8558,297.6396,0.9986,-6.6573,-5.8132,-0.8441,34.8337,0.0,0.0,0.0,0,0,0,0,0,0,295.59344482421875,-0.5447,0
2026-04-02 00:00:00-04:00,290.5164904801884,297.90206355243157,289.2772403921399,295.5934,21666500,0.0,0.0,GOOGL,45.6408,297.3949,0.9939,-5.8339,-5.8173,-0.0166,34.7901,0.0,0.0,0.0,0,0,0,0,0,0,299.8109130859375,1.4268,1
2026-04-06 00:00:00-04:00,295.69337737406744,300.4405418912755,295.0037868253031,299.8109,16945500,0.0,0.0,GOOGL,46.3166,297.4788,1.0078,-4.7859,-5.611,0.8252,35.0633,0.0,0.0,0.0,0,0,0,0,0,0,305.27764892578125,1.8234,1
2026-04-07 00:00:00-04:00,302.54929810267237,305.4475608650088,297.5422790326475,305.2776,23205400,0.0,0.0,GOOGL,46.3946,297.4338,1.0264,-3.4741,-5.1837,1.7095,34.3166,0.0,0.0,0.0,0,0,0,0,0,0,317.1305847167969,3.8827,1
2026-04-08 00:00:00-04:00,320.25872115869026,321.88772251879675,314.8319393907938,317.1306,33547100,0.0,0.0,GOOGL,55.7084,297.9475,1.0644,-1.4613,-4.4392,2.9779,36.9772,0.0,0.0,0.0,0,0,0,0,0,0,318.29986572265625,0.3687,1
2026-04-09 00:00:00-04:00,315.72141928886384,319.3492572184689,310.8743084256086,318.2999,23739200,0.0,0.0,GOOGL,56.6855,298.4367,1.0666,0.2256,-3.5062,3.7318,36.9606,0.0,0.0,0.0,0,0,0,0,0,0,317.0506286621094,-0.3925,0
2026-04-10 00:00:00-04:00,319.8289680511782,321.6378852163977,316.1311948927162,317.0506,19152600,0.0,0.0,GOOGL,60.1399,299.1208,1.0599,1.4451,-2.516,3.961,36.3866,0.0,0.0,0.0,0,0,0,0,0,0,321.1181945800781,1.2829,1
2026-04-13 00:00:00-04:00,316.9507009019676,321.43801087893695,315.28168437302884,321.1182,18866400,0.0,0.0,GOOGL,61.5838,300.0718,1.0701,2.7085,-1.4711,4.1796,36.4758,0.0,0.0,0.0,0,0,0,0,0,0,332.7112731933594,3.6102,1
2026-04-14 00:00:00-04:00,324.59612530340485,333.09105123243734,323.5567375910905,332.7113,27721400,0.0,0.0,GOOGL,75.5628,301.4385,1.1037,4.5923,-0.2584,4.8507,38.2277,0.0,0.0,0.0,0,0,0,0,0,0,336.91876220703125,1.2646,1
2026-04-15 00:00:00-04:00,332.69130668872015,337.278563176308,330.70247381548376,336.9188,24918800,0.0,0.0,GOOGL,76.6102,302.7477,1.1129,6.3515,1.0636,5.2879,38.0465,0.0,0.0,0.0,0,0,0,0,0,0,335.81939697265625,-0.3263,0
2026-04-16 00:00:00-04:00,338.5477782390461,339.67710854893676,334.3202924195682,335.8194,20541500,0.0,0.0,GOOGL,85.3749,304.1633,1.1041,7.5697,2.3648,5.2049,37.764,0.0,0.0,0.0,0,0,0,0,0,0,341.4760437011719,1.6844,1
2026-04-17 00:00:00-04:00,337.4484504303517,342.1156763245155,336.0392884001999,341.476,25581900,0.0,0.0,GOOGL,93.75,305.8898,1.1163,8.8891,3.6697,5.2195,37.9187,0.0,0.0,0.0,0,0,0,0,0,0,337.2185974121094,-1.2468,0
2026-04-20 00:00:00-04:00,340.55660000710446,341.1962021124509,336.40905286572576,337.2186,18784200,0.0,0.0,GOOGL,89.7611,307.7097,1.0959,9.4819,4.8321,4.6498,37.3374,0.0,0.0,0.0,0,0,0,0,0,0,332.0916442871094,-1.5204,0
2026-04-21 00:00:00-04:00,337.48841459650436,339.13742351057505,331.1522029907326,332.0916,23123800,0.0,0.0,GOOGL,81.3016,309.2203,1.074,9.4294,5.7516,3.6778,38.0856,0.0,0.0,0.0,0,0,0,0,0,0,339.1174621582031,2.1156,1
2026-04-22 00:00:00-04:00,336.818816762841,339.6171637007564,334.96994545488326,339.1175,20293000,0.0,0.0,GOOGL,80.5389,311.6628,1.0881,9.8412,6.5695,3.2717,34.7867,0.0,0.0,0.0,0,0,0,0,0,0,338.6877136230469,-0.1267,0
2026-04-23 00:00:00-04:00,340.9763246437424,341.7558578013153,335.97930940305434,338.6877,18650300,0.0,0.0,GOOGL,81.9597,314.0594,1.0784,10.0174,7.2591,2.7583,34.8739,0.0,0.0,0.0,0,0,0,0,0,0,344.19439697265625,1.6259,1
2026-04-24 00:00:00-04:00,338.5277988797623,345.06387272769797,335.1897964239415,344.1944,26426100,0.0,0.0,GOOGL,82.2982,317.2315,1.085,10.4805,7.9034,2.5772,31.1645,0.0,0.0,0.0,0,0,0,0,0,0,350.130859375,1.7247,1
2026-04-27 00:00:00-04:00,345.77347673538645,352.9691603649003,342.5254168368208,350.1309,28576900,0.0,0.0,GOOGL,82.4184,321.0292,1.0907,11.1976,8.5622,2.6354,28.5401,0.0,0.0,0.0,0,0,0,0,0,0,349.5711975097656,-0.1598,0
2026-04-28 00:00:00-04:00,348.34192077884484,352.20963620070955,345.91337868788094,349.5712,27824100,0.0,0.0,GOOGL,78.0214,324.841,1.0761,11.5871,9.1672,2.4199,28.4391,0.0,0.0,0.0,0,0,0,0,0,0,349.7311096191406,0.0457,1
2026-04-29 00:00:00-04:00,347.36252924438134,355.5776236260777,344.0045190996302,349.7311,35376300,0.0,0.0,GOOGL,77.6313,327.9581,1.0664,11.7729,9.6883,2.0846,24.7058,0.0,0.0,0.0,0,0,0,0,0,0,384.5702819824219,9.9617,1
2026-04-30 00:00:00-04:00,373.8467067603946,385.6096696957082,365.60163158627074,384.5703,72040000,0.0,0.0,GOOGL,87.3177,332.326,1.1572,14.5636,10.6634,3.9002,39.6229,0.0,0.0,0.0,0,0,0,0,0,0,385.45977783203125,0.2313,1
2026-05-01 00:00:00-04:00,381.4022037517389,386.52914645154755,378.82372671588394,385.4598,30105200,0.0,0.0,GOOGL,86.8559,336.8193,1.1444,16.655,11.8617,4.7933,39.231,0.0,0.0,0.0,0,0,0,0,0,0,383.0212097167969,-0.6326,0
2026-05-04 00:00:00-04:00,385.39979379858875,387.14874909409923,379.56328378663693,383.0212,26298600,0.0,0.0,GOOGL,82.1949,340.9798,1.1233,17.9093,13.0712,4.838,39.8632,0.0,0.0,0.0,0,0,0,0,0,0,388.1981201171875,1.3516,1
2026-05-05 00:00:00-04:00,385.99945170269467,392.58551415458055,383.79074899852696,388.1981,23878600,0.0,0.0,GOOGL,82.4131,345.1259,1.1248,19.1008,14.2771,4.8237,39.81,0.0,0.0,0.0,0,0,0,0,0,0,397.8023986816406,2.4741,1
2026-05-06 00:00:00-04:00,394.0146525811788,399.61131576273664,392.52555179602564,397.8024,31308500,0.0,0.0,GOOGL,85.3753,349.1594,1.1393,20.5828,15.5383,5.0445,38.8715,0.0,0.0,0.0,0,0,0,0,0,0,397.7524108886719,-0.0126,0
2026-05-07 00:00:00-04:00,399.6812819584635,399.8611671879692,392.4455831227277,397.7524,24433500,0.0,0.0,GOOGL,84.3144,353.1321,1.1264,21.5054,16.7317,4.7737,38.9987,0.0,0.0,0.0,0,0,0,0,0,0,400.56072998046875,0.706,1
2026-05-08 00:00:00-04:00,396.7630105926761,401.76002583943523,396.1233780013978,400.5607,21461800,0.0,0.0,GOOGL,89.3176,357.3076,1.1211,22.2072,17.8268,4.3804,38.6163,0.0,0.0,0.0,0,0,0,0,0,0,388.40802001953125,-3.0339,0
2026-05-11 00:00:00-04:00,393.41500861238904,397.2027547509894,388.23810807955056,388.408,30753700,0.0,0.0,GOOGL,82.1522,360.6721,1.0769,21.5345,18.5683,2.9661,41.4347,0.0,0.0,0.0,0,0,0,0,0,0,387.1187744140625,-0.3319,0
2026-05-12 00:00:00-04:00,387.10877062384725,388.28805889354703,382.541491402114,387.1188,26017500,0.0,0.0,GOOGL,79.3259,363.3924,1.0653,20.6592,18.9865,1.6727,40.4761,0.0,0.0,0.0,0,0,0,0,0,0,402.3796691894531,3.9422,1
2026-05-13 00:00:00-04:00,385.3698394939953,403.4590416115898,384.77019153718186,402.3797,28144600,0.0,0.0,GOOGL,82.9422,366.6655,1.0974,20.9554,19.3803,1.5751,41.9807,0.0,0.0,0.0,0,0,0,0,0,0,400.8305969238281,-0.385,0
2026-05-14 00:00:00-04:00,397.04285074569174,402.6894719958145,395.6037078837972,400.8306,21136700,0.0,0.0,GOOGL,80.5433,369.9161,1.0836,20.825,19.6692,1.1558,42.0044,0.0,0.0,0.0,0,0,0,0,0,0,396.54315185546875,-1.0696,0
2026-05-15 00:00:00-04:00,396.0834349796574,399.30151410906007,392.9452946767326,396.5432,20309700,0.0,0.0,GOOGL,75.4829,372.6694,1.0641,20.1436,19.7641,0.3795,42.4752,0.0,0.0,0.0,0,0,0,0,0,0,396.70306396484375,0.0403,1
2026-05-18 00:00:00-04:00,395.4538101055549,408.36608091552193,394.29449886421145,396.7031,26837200,0.0,0.0,GOOGL,75.9921,375.6436,1.0561,19.3929,19.6899,-0.297,41.9012,0.0,0.0,0.0,0,0,0,0,0,0,387.4285888671875,-2.3379,0
2026-05-19 00:00:00-04:00,396.72302500471704,396.91291402359946,385.8794958446922,387.4286,39545700,0.0,0.0,GOOGL,68.8902,378.4105,1.0238,17.8439,19.3207,-1.4768,42.6085,0.0,0.0,0.0,0,0,0,0,0,0,388.6778564453125,0.3225,1
2026-05-20 00:00:00-04:00,387.4685872554011,393.62488340369265,382.6714341601505,388.6779,31744400,0.0,0.0,GOOGL,53.1028,380.8885,1.0205,16.5266,18.7618,-2.2353,42.3524,0.0,0.0,0.0,0,0,0,0,0,0,387.4285888671875,-0.3214,0
2026-05-21 00:00:00-04:00,385.46976743485186,392.2656959548347,382.7913440893277,387.4286,24852800,0.0,0.0,GOOGL,51.4792,383.3255,1.0107,15.2065,18.0508,-2.8443,42.4094,0.0,0.0,0.0,0,0,0,0,0,0,382.74139404296875,-1.2098,0
2026-05-22 00:00:00-04:00,387.1187843592316,388.5079387636157,381.54209816202837,382.7414,20442100,0.0,0.0,GOOGL,49.7966,385.2529,0.9935,13.6251,17.1656,-3.5406,42.7874,0.0,0.0,0.0,0,0,0,0,0,0,388.6478576660156,1.5432,1
2026-05-26 00:00:00-04:00,384.2804712769477,389.0276356997364,382.3716078175452,388.6479,27747400,0.0,0.0,GOOGL,50.3234,387.1787,1.0038,12.702,16.2729,-3.5709,42.727,0.0,0.0,0.0,0,0,0,0,0,0,388.5978698730469,-0.0129,0
2026-05-27 00:00:00-04:00,386.4391861502527,393.64487351491664,385.66962629134815,388.5979,23087300,0.0,0.0,GOOGL,42.3263,389.1301,0.9986,11.83,15.3843,-3.5543,42.6975,0.0,0.0,0.0,0,0,0,0,0,0,389.8971252441406,0.3343,1
2026-05-28 00:00:00-04:00,387.76839182151133,391.6360768291116,384.9300907577927,389.8971,24357500,0.0,0.0,GOOGL,43.5847,391.1384,0.9968,11.1156,14.5306,-3.4149,42.6633,0.0,0.0,0.0,0,0,0,0,0,0,380.1129455566406,-2.5094,0
2026-05-29 00:00:00-04:00,385.0100143138995,385.0100143138995,378.2340629764561,380.1129,44415800,0.0,0.0,GOOGL,35.0088,390.9155,0.9724,9.6488,13.5542,-3.9054,25.9917,0.0,0.0,0.0,0,0,0,0,0,0,376.14532470703125,-1.0438,0
2026-06-01 00:00:00-04:00,376.2952290661171,378.3340198477676,373.2970198869562,376.1453,28672100,0.0,0.0,GOOGL,39.7835,390.4498,0.9634,8.0731,12.458,-4.3849,26.2047,0.0,0.0,0.0,0,0,0,0,0,0,361.6340026855469,-3.8579,0
2026-06-02 00:00:00-04:00,366.371163421305,373.31702687507857,358.2260345973877,361.634,50412300,0.0,0.0,GOOGL,32.601,389.3804,0.9287,5.589,11.0842,-5.4952,29.3688,0.0,0.0,0.0,0,0,0,0,0,0,358.77569580078125,-0.7904,0
2026-06-03 00:00:00-04:00,361.81388965190393,366.2312646097652,357.8662353535933,358.7757,55441600,0.0,0.0,GOOGL,14.1614,387.9093,0.9249,3.351,9.5376,-6.1866,28.7779,0.0,0.0,0.0,0,0,0,0,0,0,371.96783447265625,3.677,1
2026-06-04 00:00:00-04:00,358.68575901079333,373.0271992966173,357.99616844622375,371.9678,44055500,0.0,0.0,GOOGL,30.0883,386.6176,0.9621,2.6118,8.1524,-5.5406,30.6169,0.0,0.0,0.0,0,0,0,0,0,0,368.30999755859375,-0.9834,0
2026-06-05 00:00:00-04:00,366.1213024821565,371.8578661166277,363.90262653478294,368.31,37471200,0.0,0.0,GOOGL,30.352,385.1455,0.9563,1.7111,6.8641,-5.1531,30.6825,0.0,0.0,0.0,0,0,0,0,0,0,363.30999755859375,-1.3576,0
2026-06-08 00:00:00-04:00,365.17999267578125,366.20001220703125,360.5299987792969,363.31,27942500,0.22,0.0,GOOGL,28.2278,383.2829,0.9479,0.587,5.6087,-5.0217,30.6004,0.0,0.0,0.0,0,0,0,0,0,0,364.260009765625,0.2615,1
2026-06-09 00:00:00-04:00,367.0899963378906,372.0799865722656,357.29998779296875,364.26,29535100,0.0,0.0,GOOGL,33.0547,382.0755,0.9534,-0.2245,4.4421,-4.6666,29.1381,0.0,0.0,0.0,0,0,0,0,0,0,356.3800048828125,-2.1633,0
2026-06-10 00:00:00-04:00,363.19000244140625,368.55999755859375,355.20001220703125,356.38,32357100,0.0,0.0,GOOGL,28.4663,380.5386,0.9365,-1.4864,3.2564,-4.7428,29.8767,0.0,0.0,0.0,0,0,0,0,0,0,357.7699890136719,0.39,1
2026-06-11 00:00:00-04:00,355.92999267578125,358.79998779296875,346.3599853515625,357.77,35538200,0.0,0.0,GOOGL,30.2629,378.3081,0.9457,-2.3473,2.1356,-4.4829,25.3541,0.0,0.0,0.0,0,0,0,0,0,0,359.67999267578125,0.5339,1
2026-06-12 00:00:00-04:00,362.6199951171875,366.57000732421875,354.94000244140625,359.68,24704600,0.0,0.0,GOOGL,34.0642,376.2506,0.956,-2.8426,1.14,-3.9826,25.6528,0.0,0.0,0.0,0,0,0,0,0,0,369.3500061035156,2.6885,1
2026-06-15 00:00:00-04:00,367.92999267578125,372.989990234375,366.54998779296875,369.35,27727500,0.0,0.0,GOOGL,37.3242,374.8909,0.9852,-2.4269,0.4266,-2.8535,27.9643,0.0,0.0,0.0,0,0,0,0,0,0,373.25,1.0559,1
2026-06-16 00:00:00-04:00,369.6000061035156,376.0,367.05999755859375,373.25,24876100,0.0,0.0,GOOGL,40.4041,373.7183,0.9987,-1.7624,-0.0112,-1.7512,28.3768,0.0,0.0,0.0,0,0,0,0,0,0,363.7900085449219,-2.5345,0
2026-06-17 00:00:00-04:00,369.1300048828125,372.3299865722656,362.0199890136719,363.79,24543600,0.0,0.0,GOOGL,35.1885,372.5363,0.9765,-1.9764,-0.4042,-1.5722,28.5729,0.0,0.0,0.0,0,0,0,0,0,0,368.0299987792969,1.1655,1
2026-06-18 00:00:00-04:00,365.75,369.4800109863281,358.6700134277344,368.03,44470100,0.0,0.0,GOOGL,42.6847,371.5039,0.9906,-1.7833,-0.68,-1.1032,28.97,0.0,0.0,0.0,0,0,0,0,0,0,349.67999267578125,-4.986,0
2026-06-22 00:00:00-04:00,357.95001220703125,358.9200134277344,341.7200012207031,349.68,52814800,0.0,0.0,GOOGL,36.3538,369.6165,0.9461,-3.0754,-1.1591,-1.9163,33.4877,0.0,0.0,0.0,0,0,0,0,0,0,346.1300048828125,-1.0152,0
2026-06-23 00:00:00-04:00,340.69000244140625,349.2900085449219,340.20001220703125,346.13,34007700,0.0,0.0,GOOGL,40.9869,367.7859,0.9411,-4.336,-1.7945,-2.5415,33.4393,0.0,0.0,0.0,0,0,0,0,0,0,345.2900085449219,-0.2427,0
2026-06-24 00:00:00-04:00,349.0400085449219,353.4800109863281,341.92999267578125,345.29,44997300,0.0,0.0,GOOGL,41.9718,365.618,0.9444,-5.3412,-2.5038,-2.8374,32.5962,0.0,0.0,0.0,0,0,0,0,0,0,343.7099914550781,-0.4576,0
2026-06-25 00:00:00-04:00,336.7300109863281,345.57000732421875,335.8399963378906,343.71,44491400,0.0,0.0,GOOGL,30.4789,363.3736,0.9459,-6.1939,-3.2418,-2.9521,32.5337,0.0,0.0,0.0,0,0,0,0,0,0,337.3900146484375,-1.8388,0
2026-06-26 00:00:00-04:00,342.54998779296875,346.3599853515625,330.20001220703125,337.39,114706300,0.0,0.0,GOOGL,29.3977,360.7483,0.9353,-7.2956,-4.0526,-3.243,32.6276,0.0,0.0,0.0,0,0,0,0,0,0,353.6499938964844,4.8193,1
2026-06-29 00:00:00-04:00,341.8299865722656,354.3500061035156,340.6700134277344,353.65,34213900,0.0,0.0,GOOGL,44.4032,359.4251,0.9839,-6.7785,-4.5978,-2.1807,37.2778,0.0,0.0,0.0,0,0,0,0,0,0,357.3699951171875,1.0519,1
2026-06-30 00:00:00-04:00,353.8699951171875,358.6199951171875,350.3999938964844,357.37,35237200,0.0,0.0,GOOGL,46.1322,358.4864,0.9969,-5.9993,-4.8781,-1.1212,37.4901,0.0,0.0,0.0,0,0,0,0,0,0,361.2099914550781,1.0745,1
2026-07-01 00:00:00-04:00,358.3699951171875,362.9700012207031,356.42999267578125,361.21,26736400,0.0,0.0,GOOGL,52.8402,358.4652,1.0077,-5.0142,-4.9053,-0.1089,35.1749,0.0,0.0,0.0,0,0,0,0,0,0,359.9100036621094,-0.3599,0
2026-07-02 00:00:00-04:00,359.4800109863281,364.2099914550781,353.4200134277344,359.91,25974800,0.0,0.0,GOOGL,51.2597,358.5219,1.0039,-4.2889,-4.782,0.4931,35.0768,0.0,0.0,0.0,0,0,0,0,0,0,366.4599914550781,1.8199,1
2026-07-06 00:00:00-04:00,361.54998779296875,367.92999267578125,357.3800048828125,366.46,26915800,0.0,0.0,GOOGL,53.7843,358.2465,1.0229,-3.1493,-4.4555,1.3062,33.0851,0.0,0.0,0.0,0,0,0,0,0,0,367.0299987792969,0.1555,1
2026-07-07 00:00:00-04:00,369.07000732421875,373.1600036621094,365.5,367.03,24045600,0.0,0.0,GOOGL,48.5586,358.1825,1.0247,-2.1751,-3.9994,1.8243,32.9072,0.0,0.0,0.0,0,0,0,0,0,0,361.9200134277344,-1.3923,0
2026-07-08 00:00:00-04:00,364.760009765625,367.8399963378906,358.0199890136719,361.92,22094800,0.0,0.0,GOOGL,43.0652,358.113,1.0106,-1.7947,-3.5585,1.7638,32.9265,0.0,0.0,0.0,0,0,0,0,0,0,358.8900146484375,-0.8372,0
2026-07-09 00:00:00-04:00,354.30999755859375,359.6499938964844,351.0799865722656,358.89,24729100,0.0,0.0,GOOGL,46.7446,357.8445,1.0029,-1.7179,-3.1903,1.4725,33.0421,0.0,0.0,0.0,0,0,0,0,0,0,357.17999267578125,-0.4765,0
2026-07-10 00:00:00-04:00,357.5299987792969,357.82000732421875,352.75,357.18,18146100,0.0,0.0,GOOGL,42.5409,357.8845,0.998,-1.7745,-2.9072,1.1326,32.144,0.0,0.0,0.0,0,0,0,0,0,0,352.510009765625,-1.3075,0
2026-07-13 00:00:00-04:00,356.19000244140625,358.1300048828125,351.75,352.51,15901700,0.0,0.0,GOOGL,52.3963,357.6215,0.9857,-2.1712,-2.76,0.5888,32.4556,0.0,0.0,0.0,0,0,0,0,0,0,359.510009765625,1.9858,1
2026-07-14 00:00:00-04:00,351.20001220703125,360.1600036621094,351.0899963378906,359.51,18259400,0.0,0.0,GOOGL,60.704,357.613,1.0053,-1.8989,-2.5878,0.6889,33.205,0.0,0.0,0.0,0,0,0,0,0,0,370.9200134277344,3.1738,1
2026-07-15 00:00:00-04:00,357.9700012207031,373.6499938964844,357.760009765625,370.92,28284600,0.0,0.0,GOOGL,67.538,357.6915,1.037,-0.7537,-2.221,1.4673,33.7625,0.0,0.0,0.0,0,0,0,0,0,0,354.4599914550781,-4.4376,0
2026-07-16 00:00:00-04:00,373.05999755859375,375.2699890136719,352.29998779296875,354.46,41158500,0.0,0.0,GOOGL,56.1114,356.752,0.9936,-1.1609,-2.0089,0.848,37.0475,0.0,0.0,0.0,0,0,0,0,0,0,346.7699890136719,-2.1695,0
2026-07-17 00:00:00-04:00,346.0,348.5199890136719,341.3599853515625,346.77,29959300,0.0,0.0,GOOGL,55.2508,355.901,0.9743,-2.0802,-2.0232,-0.057,36.7682,0.0,0.0,0.0,0,0,0,0,0,0,351.989990234375,1.5053,1
2026-07-20 00:00:00-04:00,350.8800048828125,359.67999267578125,350.5199890136719,351.99,24736600,0.0,0.0,GOOGL,48.9397,355.099,0.9912,-2.3603,-2.0906,-0.2697,36.9566,0.0,0.0,0.0,0,0,0,0,0,0,347.1499938964844,-1.375,0
2026-07-21 00:00:00-04:00,351.32000732421875,351.32000732421875,347.0,347.15,23369800,0.0,0.0,GOOGL,43.5642,354.9725,0.978,-2.9389,-2.2603,-0.6787,32.7313,0.0,0.0,0.0,0,0,0,0,0,0,342.0899963378906,-1.4576,0
2026-07-22 00:00:00-04:00,348.1600036621094,349.94000244140625,341.7300109863281,342.09,39334100,0.0,0.0,GOOGL,38.1419,354.7705,0.9643,-3.7624,-2.5607,-1.2017,32.9473,0.0,0.0,0.0,0,0,0,0,0,0,317.69000244140625,-7.1326,0
2026-07-23 00:00:00-04:00,321.1300048828125,324.489990234375,314.8999938964844,317.69,69419700,0.0,0.0,GOOGL,29.6471,353.3905,0.899,-6.3112,-3.3108,-3.0004,41.4851,0.0,0.0,0.0,0,0,0,0,0,0,319.739990234375,0.6453,1
2026-07-24 00:00:00-04:00,318.4200134277344,324.17999267578125,317.32000732421875,319.74,31806600,0.0,0.0,GOOGL,26.4564,352.192,0.9079,-8.0726,-4.2632,-3.8095,41.6432,0.0,0.0,0.0,0,0,0,0,0,0,326.55999755859375,2.133,1
2026-07-27 00:00:00-04:00,325.0400085449219,330.4200134277344,324.45001220703125,326.56,28471600,0.0,0.0,GOOGL,30.8144,351.6505,0.9286,-8.8167,-5.1739,-3.6428,42.1155,0.0,0.0,0.0,0,0,0,0,0,0,333.7099914550781,2.1895,1
2026-07-28 00:00:00-04:00,327.8999938964844,335.8800048828125,324.44000244140625,333.71,29511900,0.0,0.0,GOOGL,36.8803,350.6535,0.9517,-8.7287,-5.8848,-2.8439,38.9314,0.0,0.0,0.0,0,0,0,0,0,0,336.7099914550781,0.899,1
2026-07-29 00:00:00-04:00,334.6700134277344,342.5,331.6199951171875,336.71,27501600,0.0,0.0,GOOGL,39.6818,349.6205,0.9631,-8.321,-6.3721,-1.949,38.8667,0.0,0.0,0.0,0,0,0,0,0,0,333.6600036621094,-0.9058,0
2026-07-30 00:00:00-04:00,334.20001220703125,336.510009765625,330.3399963378906,333.66,30168000,0.0,0.0,GOOGL,39.1932,348.243,0.9581,-8.1501,-6.7277,-1.4224,38.5941,0.0,0.0,0.0,0,0,0,0,0,0,356.1300048828125,6.7344,1
2026-07-31 00:00:00-04:00,340.8299865722656,358.5799865722656,340.0,356.13,46498000,0.0,0.0,GOOGL,51.4295,348.054,1.0232,-6.1308,-6.6083,0.4775,46.098,0.0,0.0,0.0,0,0,0,0,0,0,373.510009765625,4.8802,1
2026-08-03 00:00:00-04:00,365.45001220703125,376.69000244140625,363.3500061035156,373.51,38669700,0.0,0.0,GOOGL,55.1095,348.4065,1.0721,-3.0925,-5.9051,2.8127,48.9059,0.0,0.0,0.0,0,0,0,0,0,0,377.6499938964844,1.1084,1
2026-08-04 00:00:00-04:00,368.2200012207031,380.5199890136719,367.5,377.65,35705700,0.0,0.0,GOOGL,52.5938,348.9375,1.0823,-0.3465,-4.7934,4.4469,49.0266,0.0,0.0,0.0,0,0,0,0,0,0,362.42999267578125,-4.0302,0
2026-08-05 00:00:00-04:00,383.3399963378906,384.4800109863281,356.7699890136719,362.43,46926300,0.0,0.0,GOOGL,53.1014,348.963,1.0386,0.5947,-3.7158,4.3105,51.0086,0.0,0.0,0.0,0,0,0,0,0,0,357.75,-1.2913,0
